slug,stationName,code,lat,lon,date,discharge_daily_mean_m3s,n_subdaily,min_m3s,max_m3s
lobith_rijn,"Lobith Bovenrijn (Rhine, DE border)",lobith.bovenrijn.tolkamer,51.8495,6.1024,2020-01-01,3003.6,288,2845.23,3136.81
lobith_rijn,"Lobith Bovenrijn (Rhine, DE border)",lobith.bovenrijn.tolkamer,51.8495,6.1024,2020-01-02,2770.51,288,2632.84,2904.39
lobith_rijn,"Lobith Bovenrijn (Rhine, DE border)",lobith.bovenrijn.tolkamer,51.8495,6.1024,2020-01-03,2520.12,289,2386.17,2654.95
lobith_rijn,"Lobith Bovenrijn (Rhine, DE border)",lobith.bovenrijn.tolkamer,51.8495,6.1024,2020-01-04,2346.96,289,2268.5,2446.17
lobith_rijn,"Lobith Bovenrijn (Rhine, DE border)",lobith.bovenrijn.tolkamer,51.8495,6.1024,2020-01-05,2218.92,289,2136.97,2315.7
lobith_rijn,"Lobith Bovenrijn (Rhine, DE border)",lobith.bovenrijn.tolkamer,51.8495,6.1024,2020-01-06,2151.59,289,2092.76,2216.0
lobith_rijn,"Lobith Bovenrijn (Rhine, DE border)",lobith.bovenrijn.tolkamer,51.8495,6.1024,2020-01-07,2084.3,289,2029.8,2161.51
lobith_rijn,"Lobith Bovenrijn (Rhine, DE border)",lobith.bovenrijn.tolkamer,51.8495,6.1024,2020-01-08,2003.94,289,1961.91,2069.11
lobith_rijn,"Lobith Bovenrijn (Rhine, DE border)",lobith.bovenrijn.tolkamer,51.8495,6.1024,2020-01-09,1970.22,289,1928.27,2007.43
lobith_rijn,"Lobith Bovenrijn (Rhine, DE border)",lobith.bovenrijn.tolkamer,51.8495,6.1024,2020-01-10,1945.14,289,1902.36,1980.94
lobith_rijn,"Lobith Bovenrijn (Rhine, DE border)",lobith.bovenrijn.tolkamer,51.8495,6.1024,2020-01-11,2010.93,289,1928.48,2105.99
lobith_rijn,"Lobith Bovenrijn (Rhine, DE border)",lobith.bovenrijn.tolkamer,51.8495,6.1024,2020-01-12,2147.41,289,2059.1,2255.89
lobith_rijn,"Lobith Bovenrijn (Rhine, DE border)",lobith.bovenrijn.tolkamer,51.8495,6.1024,2020-01-13,2215.54,289,2160.89,2289.84
lobith_rijn,"Lobith Bovenrijn (Rhine, DE border)",lobith.bovenrijn.tolkamer,51.8495,6.1024,2020-01-14,2155.99,289,2072.54,2238.45
lobith_rijn,"Lobith Bovenrijn (Rhine, DE border)",lobith.bovenrijn.tolkamer,51.8495,6.1024,2020-01-15,2048.82,289,1971.0,2132.83
lobith_rijn,"Lobith Bovenrijn (Rhine, DE border)",lobith.bovenrijn.tolkamer,51.8495,6.1024,2020-01-16,1941.77,289,1851.12,2006.76
lobith_rijn,"Lobith Bovenrijn (Rhine, DE border)",lobith.bovenrijn.tolkamer,51.8495,6.1024,2020-01-17,1845.65,289,1761.99,1903.5
lobith_rijn,"Lobith Bovenrijn (Rhine, DE border)",lobith.bovenrijn.tolkamer,51.8495,6.1024,2020-01-18,1770.36,289,1692.82,1854.36
lobith_rijn,"Lobith Bovenrijn (Rhine, DE border)",lobith.bovenrijn.tolkamer,51.8495,6.1024,2020-01-19,1690.17,289,1613.33,1769.15
lobith_rijn,"Lobith Bovenrijn (Rhine, DE border)",lobith.bovenrijn.tolkamer,51.8495,6.1024,2020-01-20,1625.16,289,1568.46,1684.34
lobith_rijn,"Lobith Bovenrijn (Rhine, DE border)",lobith.bovenrijn.tolkamer,51.8495,6.1024,2020-01-21,1565.3,288,1512.25,1622.0
lobith_rijn,"Lobith Bovenrijn (Rhine, DE border)",lobith.bovenrijn.tolkamer,51.8495,6.1024,2020-01-22,1507.94,289,1463.49,1553.25
lobith_rijn,"Lobith Bovenrijn (Rhine, DE border)",lobith.bovenrijn.tolkamer,51.8495,6.1024,2020-01-23,1467.91,289,1434.56,1504.04
lobith_rijn,"Lobith Bovenrijn (Rhine, DE border)",lobith.bovenrijn.tolkamer,51.8495,6.1024,2020-01-24,1425.44,289,1385.74,1462.96
lobith_rijn,"Lobith Bovenrijn (Rhine, DE border)",lobith.bovenrijn.tolkamer,51.8495,6.1024,2020-01-25,1385.32,289,1355.24,1416.47
lobith_rijn,"Lobith Bovenrijn (Rhine, DE border)",lobith.bovenrijn.tolkamer,51.8495,6.1024,2020-01-26,1359.39,289,1328.48,1386.11
lobith_rijn,"Lobith Bovenrijn (Rhine, DE border)",lobith.bovenrijn.tolkamer,51.8495,6.1024,2020-01-27,1346.57,289,1330.44,1364.96
lobith_rijn,"Lobith Bovenrijn (Rhine, DE border)",lobith.bovenrijn.tolkamer,51.8495,6.1024,2020-01-28,1354.85,289,1324.42,1387.67
lobith_rijn,"Lobith Bovenrijn (Rhine, DE border)",lobith.bovenrijn.tolkamer,51.8495,6.1024,2020-01-29,1396.33,289,1335.56,1488.81
lobith_rijn,"Lobith Bovenrijn (Rhine, DE border)",lobith.bovenrijn.tolkamer,51.8495,6.1024,2020-01-30,1606.22,289,1454.37,1821.93
lobith_rijn,"Lobith Bovenrijn (Rhine, DE border)",lobith.bovenrijn.tolkamer,51.8495,6.1024,2020-01-31,1997.42,289,1792.46,2133.72
lobith_rijn,"Lobith Bovenrijn (Rhine, DE border)",lobith.bovenrijn.tolkamer,51.8495,6.1024,2020-02-01,2129.36,289,2056.83,2230.69
lobith_rijn,"Lobith Bovenrijn (Rhine, DE border)",lobith.bovenrijn.tolkamer,51.8495,6.1024,2020-02-02,2286.6,289,2159.16,2418.55
lobith_rijn,"Lobith Bovenrijn (Rhine, DE border)",lobith.bovenrijn.tolkamer,51.8495,6.1024,2020-02-03,2498.32,289,2317.5,2795.39
lobith_rijn,"Lobith Bovenrijn (Rhine, DE border)",lobith.bovenrijn.tolkamer,51.8495,6.1024,2020-02-04,3083.56,289,2688.29,3497.97
lobith_rijn,"Lobith Bovenrijn (Rhine, DE border)",lobith.bovenrijn.tolkamer,51.8495,6.1024,2020-02-05,3800.33,289,3311.92,4495.18
lobith_rijn,"Lobith Bovenrijn (Rhine, DE border)",lobith.bovenrijn.tolkamer,51.8495,6.1024,2020-02-06,5009.42,289,4191.17,5775.11
lobith_rijn,"Lobith Bovenrijn (Rhine, DE border)",lobith.bovenrijn.tolkamer,51.8495,6.1024,2020-02-07,5997.75,289,5504.23,6328.13
lobith_rijn,"Lobith Bovenrijn (Rhine, DE border)",lobith.bovenrijn.tolkamer,51.8495,6.1024,2020-02-08,6098.68,289,5814.28,6310.39
lobith_rijn,"Lobith Bovenrijn (Rhine, DE border)",lobith.bovenrijn.tolkamer,51.8495,6.1024,2020-02-09,5509.32,289,5113.85,5916.62
lobith_rijn,"Lobith Bovenrijn (Rhine, DE border)",lobith.bovenrijn.tolkamer,51.8495,6.1024,2020-02-10,4786.23,289,4410.62,5196.53
lobith_rijn,"Lobith Bovenrijn (Rhine, DE border)",lobith.bovenrijn.tolkamer,51.8495,6.1024,2020-02-11,4211.5,289,3986.59,4473.82
lobith_rijn,"Lobith Bovenrijn (Rhine, DE border)",lobith.bovenrijn.tolkamer,51.8495,6.1024,2020-02-12,4059.02,289,3949.3,4221.17
lobith_rijn,"Lobith Bovenrijn (Rhine, DE border)",lobith.bovenrijn.tolkamer,51.8495,6.1024,2020-02-13,4209.72,289,4060.06,4369.28
lobith_rijn,"Lobith Bovenrijn (Rhine, DE border)",lobith.bovenrijn.tolkamer,51.8495,6.1024,2020-02-14,4221.45,289,4127.59,4339.28
lobith_rijn,"Lobith Bovenrijn (Rhine, DE border)",lobith.bovenrijn.tolkamer,51.8495,6.1024,2020-02-15,4153.92,287,4042.57,4265.89
lobith_rijn,"Lobith Bovenrijn (Rhine, DE border)",lobith.bovenrijn.tolkamer,51.8495,6.1024,2020-02-16,4103.05,289,4014.29,4213.49
lobith_rijn,"Lobith Bovenrijn (Rhine, DE border)",lobith.bovenrijn.tolkamer,51.8495,6.1024,2020-02-17,4096.65,289,3995.84,4213.5
lobith_rijn,"Lobith Bovenrijn (Rhine, DE border)",lobith.bovenrijn.tolkamer,51.8495,6.1024,2020-02-18,4027.76,289,3876.31,4177.0
lobith_rijn,"Lobith Bovenrijn (Rhine, DE border)",lobith.bovenrijn.tolkamer,51.8495,6.1024,2020-02-19,3858.59,289,3741.62,4019.12
lobith_rijn,"Lobith Bovenrijn (Rhine, DE border)",lobith.bovenrijn.tolkamer,51.8495,6.1024,2020-02-20,3807.01,289,3723.82,3914.23
lobith_rijn,"Lobith Bovenrijn (Rhine, DE border)",lobith.bovenrijn.tolkamer,51.8495,6.1024,2020-02-21,3851.69,289,3741.3,3969.21
lobith_rijn,"Lobith Bovenrijn (Rhine, DE border)",lobith.bovenrijn.tolkamer,51.8495,6.1024,2020-02-22,3844.21,289,3732.87,3978.43
lobith_rijn,"Lobith Bovenrijn (Rhine, DE border)",lobith.bovenrijn.tolkamer,51.8495,6.1024,2020-02-23,3770.67,289,3671.65,3913.38
lobith_rijn,"Lobith Bovenrijn (Rhine, DE border)",lobith.bovenrijn.tolkamer,51.8495,6.1024,2020-02-24,3771.78,289,3680.11,3921.61
lobith_rijn,"Lobith Bovenrijn (Rhine, DE border)",lobith.bovenrijn.tolkamer,51.8495,6.1024,2020-02-25,3794.58,289,3697.62,3896.08
lobith_rijn,"Lobith Bovenrijn (Rhine, DE border)",lobith.bovenrijn.tolkamer,51.8495,6.1024,2020-02-26,3747.51,289,3662.79,3868.88
lobith_rijn,"Lobith Bovenrijn (Rhine, DE border)",lobith.bovenrijn.tolkamer,51.8495,6.1024,2020-02-27,3804.59,289,3671.31,3976.5
lobith_rijn,"Lobith Bovenrijn (Rhine, DE border)",lobith.bovenrijn.tolkamer,51.8495,6.1024,2020-02-28,4015.38,289,3811.63,4252.6
lobith_rijn,"Lobith Bovenrijn (Rhine, DE border)",lobith.bovenrijn.tolkamer,51.8495,6.1024,2020-02-29,4210.42,289,4041.37,4429.77
lobith_rijn,"Lobith Bovenrijn (Rhine, DE border)",lobith.bovenrijn.tolkamer,51.8495,6.1024,2020-03-01,4388.02,289,4232.72,4550.59
lobith_rijn,"Lobith Bovenrijn (Rhine, DE border)",lobith.bovenrijn.tolkamer,51.8495,6.1024,2020-03-02,4564.34,289,4380.83,4780.02
lobith_rijn,"Lobith Bovenrijn (Rhine, DE border)",lobith.bovenrijn.tolkamer,51.8495,6.1024,2020-03-03,4800.33,289,4603.32,5011.43
lobith_rijn,"Lobith Bovenrijn (Rhine, DE border)",lobith.bovenrijn.tolkamer,51.8495,6.1024,2020-03-04,5006.12,289,4823.88,5173.72
lobith_rijn,"Lobith Bovenrijn (Rhine, DE border)",lobith.bovenrijn.tolkamer,51.8495,6.1024,2020-03-05,5100.74,289,4985.22,5217.75
lobith_rijn,"Lobith Bovenrijn (Rhine, DE border)",lobith.bovenrijn.tolkamer,51.8495,6.1024,2020-03-06,5034.8,289,4899.22,5195.71
lobith_rijn,"Lobith Bovenrijn (Rhine, DE border)",lobith.bovenrijn.tolkamer,51.8495,6.1024,2020-03-07,5015.81,289,4877.8,5267.34
lobith_rijn,"Lobith Bovenrijn (Rhine, DE border)",lobith.bovenrijn.tolkamer,51.8495,6.1024,2020-03-08,5380.55,289,5072.09,5666.44
lobith_rijn,"Lobith Bovenrijn (Rhine, DE border)",lobith.bovenrijn.tolkamer,51.8495,6.1024,2020-03-09,5705.54,289,5476.71,5883.45
lobith_rijn,"Lobith Bovenrijn (Rhine, DE border)",lobith.bovenrijn.tolkamer,51.8495,6.1024,2020-03-10,5732.74,289,5557.62,5907.23
lobith_rijn,"Lobith Bovenrijn (Rhine, DE border)",lobith.bovenrijn.tolkamer,51.8495,6.1024,2020-03-11,5471.23,289,5294.93,5709.46
lobith_rijn,"Lobith Bovenrijn (Rhine, DE border)",lobith.bovenrijn.tolkamer,51.8495,6.1024,2020-03-12,5470.71,287,5317.69,5707.2
lobith_rijn,"Lobith Bovenrijn (Rhine, DE border)",lobith.bovenrijn.tolkamer,51.8495,6.1024,2020-03-13,5758.22,289,5511.73,5932.21
lobith_rijn,"Lobith Bovenrijn (Rhine, DE border)",lobith.bovenrijn.tolkamer,51.8495,6.1024,2020-03-14,5752.47,289,5557.75,5924.59
lobith_rijn,"Lobith Bovenrijn (Rhine, DE border)",lobith.bovenrijn.tolkamer,51.8495,6.1024,2020-03-15,5442.84,289,5194.01,5679.71
lobith_rijn,"Lobith Bovenrijn (Rhine, DE border)",lobith.bovenrijn.tolkamer,51.8495,6.1024,2020-03-16,5054.6,289,4803.47,5315.69
lobith_rijn,"Lobith Bovenrijn (Rhine, DE border)",lobith.bovenrijn.tolkamer,51.8495,6.1024,2020-03-17,4654.48,289,4382.39,4913.31
lobith_rijn,"Lobith Bovenrijn (Rhine, DE border)",lobith.bovenrijn.tolkamer,51.8495,6.1024,2020-03-18,4199.39,289,3923.02,4481.72
lobith_rijn,"Lobith Bovenrijn (Rhine, DE border)",lobith.bovenrijn.tolkamer,51.8495,6.1024,2020-03-19,3737.81,289,3518.45,4009.95
lobith_rijn,"Lobith Bovenrijn (Rhine, DE border)",lobith.bovenrijn.tolkamer,51.8495,6.1024,2020-03-20,3384.51,289,3211.34,3600.15
lobith_rijn,"Lobith Bovenrijn (Rhine, DE border)",lobith.bovenrijn.tolkamer,51.8495,6.1024,2020-03-21,3107.56,289,2959.94,3248.41
lobith_rijn,"Lobith Bovenrijn (Rhine, DE border)",lobith.bovenrijn.tolkamer,51.8495,6.1024,2020-03-22,2897.94,289,2778.79,3027.01
lobith_rijn,"Lobith Bovenrijn (Rhine, DE border)",lobith.bovenrijn.tolkamer,51.8495,6.1024,2020-03-23,2776.65,289,2682.92,2869.17
lobith_rijn,"Lobith Bovenrijn (Rhine, DE border)",lobith.bovenrijn.tolkamer,51.8495,6.1024,2020-03-24,2685.99,289,2602.02,2767.43
lobith_rijn,"Lobith Bovenrijn (Rhine, DE border)",lobith.bovenrijn.tolkamer,51.8495,6.1024,2020-03-25,2575.36,289,2488.76,2654.51
lobith_rijn,"Lobith Bovenrijn (Rhine, DE border)",lobith.bovenrijn.tolkamer,51.8495,6.1024,2020-03-26,2422.26,289,2324.8,2542.77
lobith_rijn,"Lobith Bovenrijn (Rhine, DE border)",lobith.bovenrijn.tolkamer,51.8495,6.1024,2020-03-27,2282.55,289,2199.78,2369.51
lobith_rijn,"Lobith Bovenrijn (Rhine, DE border)",lobith.bovenrijn.tolkamer,51.8495,6.1024,2020-03-28,2183.43,289,2110.49,2264.0
lobith_rijn,"Lobith Bovenrijn (Rhine, DE border)",lobith.bovenrijn.tolkamer,51.8495,6.1024,2020-03-29,2116.53,289,2053.37,2182.23
lobith_rijn,"Lobith Bovenrijn (Rhine, DE border)",lobith.bovenrijn.tolkamer,51.8495,6.1024,2020-03-30,2051.09,289,2009.17,2105.61
lobith_rijn,"Lobith Bovenrijn (Rhine, DE border)",lobith.bovenrijn.tolkamer,51.8495,6.1024,2020-03-31,1988.54,289,1946.12,2042.88
lobith_rijn,"Lobith Bovenrijn (Rhine, DE border)",lobith.bovenrijn.tolkamer,51.8495,6.1024,2020-04-01,1941.41,289,1877.59,1990.65
lobith_rijn,"Lobith Bovenrijn (Rhine, DE border)",lobith.bovenrijn.tolkamer,51.8495,6.1024,2020-04-02,1869.64,289,1773.74,1917.37
lobith_rijn,"Lobith Bovenrijn (Rhine, DE border)",lobith.bovenrijn.tolkamer,51.8495,6.1024,2020-04-03,1821.27,289,1756.41,1882.45
lobith_rijn,"Lobith Bovenrijn (Rhine, DE border)",lobith.bovenrijn.tolkamer,51.8495,6.1024,2020-04-04,1802.0,287,1727.58,1874.74
lobith_rijn,"Lobith Bovenrijn (Rhine, DE border)",lobith.bovenrijn.tolkamer,51.8495,6.1024,2020-04-05,1742.36,289,1675.18,1823.14
lobith_rijn,"Lobith Bovenrijn (Rhine, DE border)",lobith.bovenrijn.tolkamer,51.8495,6.1024,2020-04-06,1693.44,289,1632.2,1757.34
lobith_rijn,"Lobith Bovenrijn (Rhine, DE border)",lobith.bovenrijn.tolkamer,51.8495,6.1024,2020-04-07,1654.99,287,1595.37,1717.63
lobith_rijn,"Lobith Bovenrijn (Rhine, DE border)",lobith.bovenrijn.tolkamer,51.8495,6.1024,2020-04-08,1608.85,288,1571.41,1655.51
lobith_rijn,"Lobith Bovenrijn (Rhine, DE border)",lobith.bovenrijn.tolkamer,51.8495,6.1024,2020-04-09,1571.38,287,1519.99,1628.78
lobith_rijn,"Lobith Bovenrijn (Rhine, DE border)",lobith.bovenrijn.tolkamer,51.8495,6.1024,2020-04-10,1525.46,289,1480.78,1568.29
lobith_rijn,"Lobith Bovenrijn (Rhine, DE border)",lobith.bovenrijn.tolkamer,51.8495,6.1024,2020-04-11,1479.05,289,1439.48,1529.49
lobith_rijn,"Lobith Bovenrijn (Rhine, DE border)",lobith.bovenrijn.tolkamer,51.8495,6.1024,2020-04-12,1434.78,289,1409.87,1470.24
lobith_rijn,"Lobith Bovenrijn (Rhine, DE border)",lobith.bovenrijn.tolkamer,51.8495,6.1024,2020-04-13,1398.8,289,1366.55,1429.62
lobith_rijn,"Lobith Bovenrijn (Rhine, DE border)",lobith.bovenrijn.tolkamer,51.8495,6.1024,2020-04-14,1367.77,288,1340.46,1402.16
lobith_rijn,"Lobith Bovenrijn (Rhine, DE border)",lobith.bovenrijn.tolkamer,51.8495,6.1024,2020-04-15,1355.72,288,1336.36,1381.59
lobith_rijn,"Lobith Bovenrijn (Rhine, DE border)",lobith.bovenrijn.tolkamer,51.8495,6.1024,2020-04-16,1342.59,289,1315.1,1364.9
lobith_rijn,"Lobith Bovenrijn (Rhine, DE border)",lobith.bovenrijn.tolkamer,51.8495,6.1024,2020-04-17,1327.22,289,1299.98,1346.11
lobith_rijn,"Lobith Bovenrijn (Rhine, DE border)",lobith.bovenrijn.tolkamer,51.8495,6.1024,2020-04-18,1302.55,289,1274.92,1332.45
lobith_rijn,"Lobith Bovenrijn (Rhine, DE border)",lobith.bovenrijn.tolkamer,51.8495,6.1024,2020-04-19,1284.75,289,1249.31,1314.4
lobith_rijn,"Lobith Bovenrijn (Rhine, DE border)",lobith.bovenrijn.tolkamer,51.8495,6.1024,2020-04-20,1266.98,289,1240.2,1290.81
lobith_rijn,"Lobith Bovenrijn (Rhine, DE border)",lobith.bovenrijn.tolkamer,51.8495,6.1024,2020-04-21,1255.05,289,1226.09,1279.41
lobith_rijn,"Lobith Bovenrijn (Rhine, DE border)",lobith.bovenrijn.tolkamer,51.8495,6.1024,2020-04-22,1248.56,289,1225.45,1278.81
lobith_rijn,"Lobith Bovenrijn (Rhine, DE border)",lobith.bovenrijn.tolkamer,51.8495,6.1024,2020-04-23,1235.53,289,1205.88,1261.25
lobith_rijn,"Lobith Bovenrijn (Rhine, DE border)",lobith.bovenrijn.tolkamer,51.8495,6.1024,2020-04-24,1224.17,289,1201.01,1252.53
lobith_rijn,"Lobith Bovenrijn (Rhine, DE border)",lobith.bovenrijn.tolkamer,51.8495,6.1024,2020-04-25,1227.25,289,1191.31,1252.55
lobith_rijn,"Lobith Bovenrijn (Rhine, DE border)",lobith.bovenrijn.tolkamer,51.8495,6.1024,2020-04-26,1221.73,289,1181.64,1247.52
lobith_rijn,"Lobith Bovenrijn (Rhine, DE border)",lobith.bovenrijn.tolkamer,51.8495,6.1024,2020-04-27,1211.12,289,1176.83,1239.55
lobith_rijn,"Lobith Bovenrijn (Rhine, DE border)",lobith.bovenrijn.tolkamer,51.8495,6.1024,2020-04-28,1199.4,289,1167.23,1231.6
lobith_rijn,"Lobith Bovenrijn (Rhine, DE border)",lobith.bovenrijn.tolkamer,51.8495,6.1024,2020-04-29,1221.72,278,1182.71,1262.63
lobith_rijn,"Lobith Bovenrijn (Rhine, DE border)",lobith.bovenrijn.tolkamer,51.8495,6.1024,2020-04-30,1236.53,289,1211.44,1266.4
lobith_rijn,"Lobith Bovenrijn (Rhine, DE border)",lobith.bovenrijn.tolkamer,51.8495,6.1024,2020-05-01,1258.17,289,1221.87,1297.32
lobith_rijn,"Lobith Bovenrijn (Rhine, DE border)",lobith.bovenrijn.tolkamer,51.8495,6.1024,2020-05-02,1295.95,289,1256.6,1337.81
lobith_rijn,"Lobith Bovenrijn (Rhine, DE border)",lobith.bovenrijn.tolkamer,51.8495,6.1024,2020-05-03,1381.96,289,1312.8,1448.44
lobith_rijn,"Lobith Bovenrijn (Rhine, DE border)",lobith.bovenrijn.tolkamer,51.8495,6.1024,2020-05-04,1469.65,289,1433.99,1499.95
lobith_rijn,"Lobith Bovenrijn (Rhine, DE border)",lobith.bovenrijn.tolkamer,51.8495,6.1024,2020-05-05,1467.8,289,1442.17,1493.97
lobith_rijn,"Lobith Bovenrijn (Rhine, DE border)",lobith.bovenrijn.tolkamer,51.8495,6.1024,2020-05-06,1460.13,289,1430.31,1488.03
lobith_rijn,"Lobith Bovenrijn (Rhine, DE border)",lobith.bovenrijn.tolkamer,51.8495,6.1024,2020-05-07,1493.59,289,1466.1,1524.12
lobith_rijn,"Lobith Bovenrijn (Rhine, DE border)",lobith.bovenrijn.tolkamer,51.8495,6.1024,2020-05-08,1484.05,289,1451.7,1518.09
lobith_rijn,"Lobith Bovenrijn (Rhine, DE border)",lobith.bovenrijn.tolkamer,51.8495,6.1024,2020-05-09,1444.99,289,1420.81,1477.55
lobith_rijn,"Lobith Bovenrijn (Rhine, DE border)",lobith.bovenrijn.tolkamer,51.8495,6.1024,2020-05-10,1463.89,289,1420.82,1504.6
lobith_rijn,"Lobith Bovenrijn (Rhine, DE border)",lobith.bovenrijn.tolkamer,51.8495,6.1024,2020-05-11,1516.68,289,1476.61,1546.93
lobith_rijn,"Lobith Bovenrijn (Rhine, DE border)",lobith.bovenrijn.tolkamer,51.8495,6.1024,2020-05-12,1524.21,285,1497.69,1554.65
lobith_rijn,"Lobith Bovenrijn (Rhine, DE border)",lobith.bovenrijn.tolkamer,51.8495,6.1024,2020-05-13,1544.24,289,1492.78,1608.5
lobith_rijn,"Lobith Bovenrijn (Rhine, DE border)",lobith.bovenrijn.tolkamer,51.8495,6.1024,2020-05-14,1654.88,284,1563.05,1740.79
lobith_rijn,"Lobith Bovenrijn (Rhine, DE border)",lobith.bovenrijn.tolkamer,51.8495,6.1024,2020-05-15,1714.45,289,1652.9,1757.55
lobith_rijn,"Lobith Bovenrijn (Rhine, DE border)",lobith.bovenrijn.tolkamer,51.8495,6.1024,2020-05-16,1677.92,289,1609.36,1738.93
lobith_rijn,"Lobith Bovenrijn (Rhine, DE border)",lobith.bovenrijn.tolkamer,51.8495,6.1024,2020-05-17,1634.8,287,1592.56,1693.05
lobith_rijn,"Lobith Bovenrijn (Rhine, DE border)",lobith.bovenrijn.tolkamer,51.8495,6.1024,2020-05-18,1605.1,286,1559.77,1649.47
lobith_rijn,"Lobith Bovenrijn (Rhine, DE border)",lobith.bovenrijn.tolkamer,51.8495,6.1024,2020-05-19,1566.71,288,1520.41,1618.12
lobith_rijn,"Lobith Bovenrijn (Rhine, DE border)",lobith.bovenrijn.tolkamer,51.8495,6.1024,2020-05-20,1506.27,287,1448.36,1562.47
lobith_rijn,"Lobith Bovenrijn (Rhine, DE border)",lobith.bovenrijn.tolkamer,51.8495,6.1024,2020-05-21,1430.94,288,1388.01,1484.48
lobith_rijn,"Lobith Bovenrijn (Rhine, DE border)",lobith.bovenrijn.tolkamer,51.8495,6.1024,2020-05-22,1366.92,289,1329.68,1407.85
lobith_rijn,"Lobith Bovenrijn (Rhine, DE border)",lobith.bovenrijn.tolkamer,51.8495,6.1024,2020-05-23,1329.05,289,1294.42,1360.12
lobith_rijn,"Lobith Bovenrijn (Rhine, DE border)",lobith.bovenrijn.tolkamer,51.8495,6.1024,2020-05-24,1298.84,287,1271.08,1324.11
lobith_rijn,"Lobith Bovenrijn (Rhine, DE border)",lobith.bovenrijn.tolkamer,51.8495,6.1024,2020-05-25,1261.55,288,1220.87,1300.43
lobith_rijn,"Lobith Bovenrijn (Rhine, DE border)",lobith.bovenrijn.tolkamer,51.8495,6.1024,2020-05-26,1256.0,289,1231.37,1288.93
lobith_rijn,"Lobith Bovenrijn (Rhine, DE border)",lobith.bovenrijn.tolkamer,51.8495,6.1024,2020-05-27,1279.23,289,1236.33,1316.26
lobith_rijn,"Lobith Bovenrijn (Rhine, DE border)",lobith.bovenrijn.tolkamer,51.8495,6.1024,2020-05-28,1325.39,288,1281.91,1356.67
lobith_rijn,"Lobith Bovenrijn (Rhine, DE border)",lobith.bovenrijn.tolkamer,51.8495,6.1024,2020-05-29,1327.5,289,1300.4,1356.12
lobith_rijn,"Lobith Bovenrijn (Rhine, DE border)",lobith.bovenrijn.tolkamer,51.8495,6.1024,2020-05-30,1289.1,289,1256.18,1323.08
lobith_rijn,"Lobith Bovenrijn (Rhine, DE border)",lobith.bovenrijn.tolkamer,51.8495,6.1024,2020-05-31,1230.33,289,0.0,1273.17
lobith_rijn,"Lobith Bovenrijn (Rhine, DE border)",lobith.bovenrijn.tolkamer,51.8495,6.1024,2020-06-01,1185.23,289,1143.71,1221.5
lobith_rijn,"Lobith Bovenrijn (Rhine, DE border)",lobith.bovenrijn.tolkamer,51.8495,6.1024,2020-06-02,1150.13,289,1115.34,1183.06
lobith_rijn,"Lobith Bovenrijn (Rhine, DE border)",lobith.bovenrijn.tolkamer,51.8495,6.1024,2020-06-03,1133.14,289,1101.19,1176.92
lobith_rijn,"Lobith Bovenrijn (Rhine, DE border)",lobith.bovenrijn.tolkamer,51.8495,6.1024,2020-06-04,1111.48,289,1063.72,1151.82
lobith_rijn,"Lobith Bovenrijn (Rhine, DE border)",lobith.bovenrijn.tolkamer,51.8495,6.1024,2020-06-05,1120.12,289,1073.47,1174.2
lobith_rijn,"Lobith Bovenrijn (Rhine, DE border)",lobith.bovenrijn.tolkamer,51.8495,6.1024,2020-06-06,1158.4,289,1106.51,1202.37
lobith_rijn,"Lobith Bovenrijn (Rhine, DE border)",lobith.bovenrijn.tolkamer,51.8495,6.1024,2020-06-07,1170.11,289,1139.03,1201.65
lobith_rijn,"Lobith Bovenrijn (Rhine, DE border)",lobith.bovenrijn.tolkamer,51.8495,6.1024,2020-06-08,1178.65,289,1144.23,1225.11
lobith_rijn,"Lobith Bovenrijn (Rhine, DE border)",lobith.bovenrijn.tolkamer,51.8495,6.1024,2020-06-09,1218.19,285,1168.15,1267.79
lobith_rijn,"Lobith Bovenrijn (Rhine, DE border)",lobith.bovenrijn.tolkamer,51.8495,6.1024,2020-06-10,1263.98,277,1222.27,1303.12
lobith_rijn,"Lobith Bovenrijn (Rhine, DE border)",lobith.bovenrijn.tolkamer,51.8495,6.1024,2020-06-11,1289.22,288,1262.0,1320.51
lobith_rijn,"Lobith Bovenrijn (Rhine, DE border)",lobith.bovenrijn.tolkamer,51.8495,6.1024,2020-06-12,1291.69,289,1254.8,1320.53
lobith_rijn,"Lobith Bovenrijn (Rhine, DE border)",lobith.bovenrijn.tolkamer,51.8495,6.1024,2020-06-13,1297.3,289,1260.55,1325.06
lobith_rijn,"Lobith Bovenrijn (Rhine, DE border)",lobith.bovenrijn.tolkamer,51.8495,6.1024,2020-06-14,1347.48,289,1286.33,1410.77
lobith_rijn,"Lobith Bovenrijn (Rhine, DE border)",lobith.bovenrijn.tolkamer,51.8495,6.1024,2020-06-15,1516.8,289,1400.11,1609.38
lobith_rijn,"Lobith Bovenrijn (Rhine, DE border)",lobith.bovenrijn.tolkamer,51.8495,6.1024,2020-06-16,1652.07,289,1587.5,1716.84
lobith_rijn,"Lobith Bovenrijn (Rhine, DE border)",lobith.bovenrijn.tolkamer,51.8495,6.1024,2020-06-17,1672.25,289,1631.79,1725.14
lobith_rijn,"Lobith Bovenrijn (Rhine, DE border)",lobith.bovenrijn.tolkamer,51.8495,6.1024,2020-06-18,1716.49,289,1642.45,1794.95
lobith_rijn,"Lobith Bovenrijn (Rhine, DE border)",lobith.bovenrijn.tolkamer,51.8495,6.1024,2020-06-19,1788.18,289,1709.58,1869.16
lobith_rijn,"Lobith Bovenrijn (Rhine, DE border)",lobith.bovenrijn.tolkamer,51.8495,6.1024,2020-06-20,1854.93,289,1787.77,1909.77
lobith_rijn,"Lobith Bovenrijn (Rhine, DE border)",lobith.bovenrijn.tolkamer,51.8495,6.1024,2020-06-21,1909.84,289,1840.59,1951.93
lobith_rijn,"Lobith Bovenrijn (Rhine, DE border)",lobith.bovenrijn.tolkamer,51.8495,6.1024,2020-06-22,1896.88,289,1826.76,1950.89
lobith_rijn,"Lobith Bovenrijn (Rhine, DE border)",lobith.bovenrijn.tolkamer,51.8495,6.1024,2020-06-23,1862.17,289,1805.98,1910.89
lobith_rijn,"Lobith Bovenrijn (Rhine, DE border)",lobith.bovenrijn.tolkamer,51.8495,6.1024,2020-06-24,1858.06,289,1763.72,1910.91
lobith_rijn,"Lobith Bovenrijn (Rhine, DE border)",lobith.bovenrijn.tolkamer,51.8495,6.1024,2020-06-25,1768.64,289,1671.24,1853.0
lobith_rijn,"Lobith Bovenrijn (Rhine, DE border)",lobith.bovenrijn.tolkamer,51.8495,6.1024,2020-06-26,1667.33,273,1576.5,1754.73
lobith_rijn,"Lobith Bovenrijn (Rhine, DE border)",lobith.bovenrijn.tolkamer,51.8495,6.1024,2020-06-27,1563.55,289,1499.25,1639.48
lobith_rijn,"Lobith Bovenrijn (Rhine, DE border)",lobith.bovenrijn.tolkamer,51.8495,6.1024,2020-06-28,1485.12,289,1440.29,1540.43
lobith_rijn,"Lobith Bovenrijn (Rhine, DE border)",lobith.bovenrijn.tolkamer,51.8495,6.1024,2020-06-29,1448.51,289,1420.22,1478.17
lobith_rijn,"Lobith Bovenrijn (Rhine, DE border)",lobith.bovenrijn.tolkamer,51.8495,6.1024,2020-06-30,1430.59,289,1405.37,1459.7
lobith_rijn,"Lobith Bovenrijn (Rhine, DE border)",lobith.bovenrijn.tolkamer,51.8495,6.1024,2020-07-01,1447.57,289,1410.7,1493.96
lobith_rijn,"Lobith Bovenrijn (Rhine, DE border)",lobith.bovenrijn.tolkamer,51.8495,6.1024,2020-07-02,1504.11,287,1454.7,1548.3
lobith_rijn,"Lobith Bovenrijn (Rhine, DE border)",lobith.bovenrijn.tolkamer,51.8495,6.1024,2020-07-03,1541.78,289,1500.09,1602.79
lobith_rijn,"Lobith Bovenrijn (Rhine, DE border)",lobith.bovenrijn.tolkamer,51.8495,6.1024,2020-07-04,1614.59,289,1558.59,1678.08
lobith_rijn,"Lobith Bovenrijn (Rhine, DE border)",lobith.bovenrijn.tolkamer,51.8495,6.1024,2020-07-05,1641.39,289,1591.08,1686.28
lobith_rijn,"Lobith Bovenrijn (Rhine, DE border)",lobith.bovenrijn.tolkamer,51.8495,6.1024,2020-07-06,1651.12,289,1596.32,1693.57
lobith_rijn,"Lobith Bovenrijn (Rhine, DE border)",lobith.bovenrijn.tolkamer,51.8495,6.1024,2020-07-07,1685.31,289,1634.05,1744.17
lobith_rijn,"Lobith Bovenrijn (Rhine, DE border)",lobith.bovenrijn.tolkamer,51.8495,6.1024,2020-07-08,1695.47,289,1636.43,1751.6
lobith_rijn,"Lobith Bovenrijn (Rhine, DE border)",lobith.bovenrijn.tolkamer,51.8495,6.1024,2020-07-09,1662.93,289,1599.5,1714.56
lobith_rijn,"Lobith Bovenrijn (Rhine, DE border)",lobith.bovenrijn.tolkamer,51.8495,6.1024,2020-07-10,1607.22,289,1538.49,1664.32
lobith_rijn,"Lobith Bovenrijn (Rhine, DE border)",lobith.bovenrijn.tolkamer,51.8495,6.1024,2020-07-11,1534.32,289,1473.09,1588.46
lobith_rijn,"Lobith Bovenrijn (Rhine, DE border)",lobith.bovenrijn.tolkamer,51.8495,6.1024,2020-07-12,1440.85,289,1393.83,1498.44
lobith_rijn,"Lobith Bovenrijn (Rhine, DE border)",lobith.bovenrijn.tolkamer,51.8495,6.1024,2020-07-13,1374.76,287,1341.38,1409.14
lobith_rijn,"Lobith Bovenrijn (Rhine, DE border)",lobith.bovenrijn.tolkamer,51.8495,6.1024,2020-07-14,1329.15,289,1289.94,1355.49
lobith_rijn,"Lobith Bovenrijn (Rhine, DE border)",lobith.bovenrijn.tolkamer,51.8495,6.1024,2020-07-15,1331.09,289,1284.95,1396.38
lobith_rijn,"Lobith Bovenrijn (Rhine, DE border)",lobith.bovenrijn.tolkamer,51.8495,6.1024,2020-07-16,1390.1,289,1344.28,1420.2
lobith_rijn,"Lobith Bovenrijn (Rhine, DE border)",lobith.bovenrijn.tolkamer,51.8495,6.1024,2020-07-17,1392.28,285,1367.52,1421.12
lobith_rijn,"Lobith Bovenrijn (Rhine, DE border)",lobith.bovenrijn.tolkamer,51.8495,6.1024,2020-07-18,1375.31,289,1350.86,1409.44
lobith_rijn,"Lobith Bovenrijn (Rhine, DE border)",lobith.bovenrijn.tolkamer,51.8495,6.1024,2020-07-19,1346.55,289,1320.15,1393.31
lobith_rijn,"Lobith Bovenrijn (Rhine, DE border)",lobith.bovenrijn.tolkamer,51.8495,6.1024,2020-07-20,1333.05,289,1300.93,1362.44
lobith_rijn,"Lobith Bovenrijn (Rhine, DE border)",lobith.bovenrijn.tolkamer,51.8495,6.1024,2020-07-21,1326.73,289,1300.94,1363.26
lobith_rijn,"Lobith Bovenrijn (Rhine, DE border)",lobith.bovenrijn.tolkamer,51.8495,6.1024,2020-07-22,1321.33,289,1290.9,1343.98
lobith_rijn,"Lobith Bovenrijn (Rhine, DE border)",lobith.bovenrijn.tolkamer,51.8495,6.1024,2020-07-23,1288.22,285,1240.41,1314.48
lobith_rijn,"Lobith Bovenrijn (Rhine, DE border)",lobith.bovenrijn.tolkamer,51.8495,6.1024,2020-07-24,1236.53,289,1206.8,1264.66
lobith_rijn,"Lobith Bovenrijn (Rhine, DE border)",lobith.bovenrijn.tolkamer,51.8495,6.1024,2020-07-25,1199.09,289,1158.01,1235.48
lobith_rijn,"Lobith Bovenrijn (Rhine, DE border)",lobith.bovenrijn.tolkamer,51.8495,6.1024,2020-07-26,1184.52,289,1149.0,1220.39
lobith_rijn,"Lobith Bovenrijn (Rhine, DE border)",lobith.bovenrijn.tolkamer,51.8495,6.1024,2020-07-27,1210.27,283,1169.09,1246.94
lobith_rijn,"Lobith Bovenrijn (Rhine, DE border)",lobith.bovenrijn.tolkamer,51.8495,6.1024,2020-07-28,1235.65,283,1203.1,1273.12
lobith_rijn,"Lobith Bovenrijn (Rhine, DE border)",lobith.bovenrijn.tolkamer,51.8495,6.1024,2020-07-29,1255.72,289,1207.45,1290.18
lobith_rijn,"Lobith Bovenrijn (Rhine, DE border)",lobith.bovenrijn.tolkamer,51.8495,6.1024,2020-07-30,1255.29,289,1215.97,1289.58
lobith_rijn,"Lobith Bovenrijn (Rhine, DE border)",lobith.bovenrijn.tolkamer,51.8495,6.1024,2020-07-31,1212.19,289,1168.16,1253.02
lobith_rijn,"Lobith Bovenrijn (Rhine, DE border)",lobith.bovenrijn.tolkamer,51.8495,6.1024,2020-08-01,1164.25,289,1125.42,1204.68
lobith_rijn,"Lobith Bovenrijn (Rhine, DE border)",lobith.bovenrijn.tolkamer,51.8495,6.1024,2020-08-02,1121.35,289,1073.78,1162.25
lobith_rijn,"Lobith Bovenrijn (Rhine, DE border)",lobith.bovenrijn.tolkamer,51.8495,6.1024,2020-08-03,1090.85,289,1046.02,1136.29
lobith_rijn,"Lobith Bovenrijn (Rhine, DE border)",lobith.bovenrijn.tolkamer,51.8495,6.1024,2020-08-04,1071.41,289,1041.91,1110.77
lobith_rijn,"Lobith Bovenrijn (Rhine, DE border)",lobith.bovenrijn.tolkamer,51.8495,6.1024,2020-08-05,1062.81,289,1023.69,1103.4
lobith_rijn,"Lobith Bovenrijn (Rhine, DE border)",lobith.bovenrijn.tolkamer,51.8495,6.1024,2020-08-06,1079.03,286,1028.36,1132.98
lobith_rijn,"Lobith Bovenrijn (Rhine, DE border)",lobith.bovenrijn.tolkamer,51.8495,6.1024,2020-08-07,1145.34,289,1079.14,1213.43
lobith_rijn,"Lobith Bovenrijn (Rhine, DE border)",lobith.bovenrijn.tolkamer,51.8495,6.1024,2020-08-08,1295.63,289,1180.53,1431.42
lobith_rijn,"Lobith Bovenrijn (Rhine, DE border)",lobith.bovenrijn.tolkamer,51.8495,6.1024,2020-08-09,1484.46,289,1411.14,1531.86
lobith_rijn,"Lobith Bovenrijn (Rhine, DE border)",lobith.bovenrijn.tolkamer,51.8495,6.1024,2020-08-10,1507.13,289,1462.53,1538.7
lobith_rijn,"Lobith Bovenrijn (Rhine, DE border)",lobith.bovenrijn.tolkamer,51.8495,6.1024,2020-08-11,1443.38,289,1393.06,1486.57
lobith_rijn,"Lobith Bovenrijn (Rhine, DE border)",lobith.bovenrijn.tolkamer,51.8495,6.1024,2020-08-12,1382.9,289,1330.51,1425.9
lobith_rijn,"Lobith Bovenrijn (Rhine, DE border)",lobith.bovenrijn.tolkamer,51.8495,6.1024,2020-08-13,1326.53,289,1295.25,1357.15
lobith_rijn,"Lobith Bovenrijn (Rhine, DE border)",lobith.bovenrijn.tolkamer,51.8495,6.1024,2020-08-14,1312.13,289,1291.98,1339.88
lobith_rijn,"Lobith Bovenrijn (Rhine, DE border)",lobith.bovenrijn.tolkamer,51.8495,6.1024,2020-08-15,1317.24,287,1281.12,1344.46
lobith_rijn,"Lobith Bovenrijn (Rhine, DE border)",lobith.bovenrijn.tolkamer,51.8495,6.1024,2020-08-16,1310.15,289,1276.14,1339.39
lobith_rijn,"Lobith Bovenrijn (Rhine, DE border)",lobith.bovenrijn.tolkamer,51.8495,6.1024,2020-08-17,1273.01,289,1225.21,1302.69
lobith_rijn,"Lobith Bovenrijn (Rhine, DE border)",lobith.bovenrijn.tolkamer,51.8495,6.1024,2020-08-18,1244.89,289,1221.73,1272.28
lobith_rijn,"Lobith Bovenrijn (Rhine, DE border)",lobith.bovenrijn.tolkamer,51.8495,6.1024,2020-08-19,1254.52,289,1227.3,1276.7
lobith_rijn,"Lobith Bovenrijn (Rhine, DE border)",lobith.bovenrijn.tolkamer,51.8495,6.1024,2020-08-20,1245.91,289,1211.3,1271.66
lobith_rijn,"Lobith Bovenrijn (Rhine, DE border)",lobith.bovenrijn.tolkamer,51.8495,6.1024,2020-08-21,1241.32,289,1202.2,1277.97
lobith_rijn,"Lobith Bovenrijn (Rhine, DE border)",lobith.bovenrijn.tolkamer,51.8495,6.1024,2020-08-22,1252.96,287,1211.32,1281.78
lobith_rijn,"Lobith Bovenrijn (Rhine, DE border)",lobith.bovenrijn.tolkamer,51.8495,6.1024,2020-08-23,1220.12,283,1172.64,1267.31
lobith_rijn,"Lobith Bovenrijn (Rhine, DE border)",lobith.bovenrijn.tolkamer,51.8495,6.1024,2020-08-24,1181.27,283,1154.05,1214.46
lobith_rijn,"Lobith Bovenrijn (Rhine, DE border)",lobith.bovenrijn.tolkamer,51.8495,6.1024,2020-08-25,1172.55,289,1135.08,1203.86
lobith_rijn,"Lobith Bovenrijn (Rhine, DE border)",lobith.bovenrijn.tolkamer,51.8495,6.1024,2020-08-26,1157.83,289,1106.37,1195.38
lobith_rijn,"Lobith Bovenrijn (Rhine, DE border)",lobith.bovenrijn.tolkamer,51.8495,6.1024,2020-08-27,1109.96,289,1059.93,1147.61
lobith_rijn,"Lobith Bovenrijn (Rhine, DE border)",lobith.bovenrijn.tolkamer,51.8495,6.1024,2020-08-28,1070.73,253,1023.9,1150.55
lobith_rijn,"Lobith Bovenrijn (Rhine, DE border)",lobith.bovenrijn.tolkamer,51.8495,6.1024,2020-08-29,1026.5,289,974.91,1076.81
lobith_rijn,"Lobith Bovenrijn (Rhine, DE border)",lobith.bovenrijn.tolkamer,51.8495,6.1024,2020-08-30,989.29,289,948.89,1030.57
lobith_rijn,"Lobith Bovenrijn (Rhine, DE border)",lobith.bovenrijn.tolkamer,51.8495,6.1024,2020-08-31,972.86,289,931.84,1023.12
lobith_rijn,"Lobith Bovenrijn (Rhine, DE border)",lobith.bovenrijn.tolkamer,51.8495,6.1024,2020-09-01,969.43,287,931.85,1015.18
lobith_rijn,"Lobith Bovenrijn (Rhine, DE border)",lobith.bovenrijn.tolkamer,51.8495,6.1024,2020-09-02,992.89,284,931.86,1056.02
lobith_rijn,"Lobith Bovenrijn (Rhine, DE border)",lobith.bovenrijn.tolkamer,51.8495,6.1024,2020-09-03,1153.65,283,1010.63,1336.19
lobith_rijn,"Lobith Bovenrijn (Rhine, DE border)",lobith.bovenrijn.tolkamer,51.8495,6.1024,2020-09-04,1538.73,289,1331.67,1702.35
lobith_rijn,"Lobith Bovenrijn (Rhine, DE border)",lobith.bovenrijn.tolkamer,51.8495,6.1024,2020-09-05,1723.89,289,1672.96,1783.99
lobith_rijn,"Lobith Bovenrijn (Rhine, DE border)",lobith.bovenrijn.tolkamer,51.8495,6.1024,2020-09-06,1682.58,288,1600.12,1760.64
lobith_rijn,"Lobith Bovenrijn (Rhine, DE border)",lobith.bovenrijn.tolkamer,51.8495,6.1024,2020-09-07,1574.2,286,1498.01,1672.24
lobith_rijn,"Lobith Bovenrijn (Rhine, DE border)",lobith.bovenrijn.tolkamer,51.8495,6.1024,2020-09-08,1471.16,289,1415.64,1542.29
lobith_rijn,"Lobith Bovenrijn (Rhine, DE border)",lobith.bovenrijn.tolkamer,51.8495,6.1024,2020-09-09,1372.25,289,1309.62,1434.57
lobith_rijn,"Lobith Bovenrijn (Rhine, DE border)",lobith.bovenrijn.tolkamer,51.8495,6.1024,2020-09-10,1289.06,289,1240.9,1343.37
lobith_rijn,"Lobith Bovenrijn (Rhine, DE border)",lobith.bovenrijn.tolkamer,51.8495,6.1024,2020-09-11,1240.44,289,1192.1,1275.83
lobith_rijn,"Lobith Bovenrijn (Rhine, DE border)",lobith.bovenrijn.tolkamer,51.8495,6.1024,2020-09-12,1219.21,289,1188.41,1246.51
lobith_rijn,"Lobith Bovenrijn (Rhine, DE border)",lobith.bovenrijn.tolkamer,51.8495,6.1024,2020-09-13,1199.87,287,1163.8,1233.52
lobith_rijn,"Lobith Bovenrijn (Rhine, DE border)",lobith.bovenrijn.tolkamer,51.8495,6.1024,2020-09-14,1180.85,289,1149.49,1217.04
lobith_rijn,"Lobith Bovenrijn (Rhine, DE border)",lobith.bovenrijn.tolkamer,51.8495,6.1024,2020-09-15,1151.69,287,1097.18,1198.51
lobith_rijn,"Lobith Bovenrijn (Rhine, DE border)",lobith.bovenrijn.tolkamer,51.8495,6.1024,2020-09-16,1112.76,289,1060.12,1165.49
lobith_rijn,"Lobith Bovenrijn (Rhine, DE border)",lobith.bovenrijn.tolkamer,51.8495,6.1024,2020-09-17,1069.31,289,1010.33,1113.98
lobith_rijn,"Lobith Bovenrijn (Rhine, DE border)",lobith.bovenrijn.tolkamer,51.8495,6.1024,2020-09-18,1041.27,289,992.65,1082.96
lobith_rijn,"Lobith Bovenrijn (Rhine, DE border)",lobith.bovenrijn.tolkamer,51.8495,6.1024,2020-09-19,1019.06,289,975.03,1067.6
lobith_rijn,"Lobith Bovenrijn (Rhine, DE border)",lobith.bovenrijn.tolkamer,51.8495,6.1024,2020-09-20,1013.35,289,975.11,1059.54
lobith_rijn,"Lobith Bovenrijn (Rhine, DE border)",lobith.bovenrijn.tolkamer,51.8495,6.1024,2020-09-21,999.81,289,957.66,1050.65
lobith_rijn,"Lobith Bovenrijn (Rhine, DE border)",lobith.bovenrijn.tolkamer,51.8495,6.1024,2020-09-22,983.28,287,936.26,1040.31
lobith_rijn,"Lobith Bovenrijn (Rhine, DE border)",lobith.bovenrijn.tolkamer,51.8495,6.1024,2020-09-23,994.07,289,944.78,1043.51
lobith_rijn,"Lobith Bovenrijn (Rhine, DE border)",lobith.bovenrijn.tolkamer,51.8495,6.1024,2020-09-24,964.75,289,915.24,1021.79
lobith_rijn,"Lobith Bovenrijn (Rhine, DE border)",lobith.bovenrijn.tolkamer,51.8495,6.1024,2020-09-25,938.89,289,893.98,994.9
lobith_rijn,"Lobith Bovenrijn (Rhine, DE border)",lobith.bovenrijn.tolkamer,51.8495,6.1024,2020-09-26,940.43,289,889.76,1001.4
lobith_rijn,"Lobith Bovenrijn (Rhine, DE border)",lobith.bovenrijn.tolkamer,51.8495,6.1024,2020-09-27,1001.09,287,927.83,1103.31
lobith_rijn,"Lobith Bovenrijn (Rhine, DE border)",lobith.bovenrijn.tolkamer,51.8495,6.1024,2020-09-28,1108.97,289,1047.54,1155.43
lobith_rijn,"Lobith Bovenrijn (Rhine, DE border)",lobith.bovenrijn.tolkamer,51.8495,6.1024,2020-09-29,1172.8,289,1103.14,1245.1
lobith_rijn,"Lobith Bovenrijn (Rhine, DE border)",lobith.bovenrijn.tolkamer,51.8495,6.1024,2020-09-30,1264.08,289,1194.94,1328.78
lobith_rijn,"Lobith Bovenrijn (Rhine, DE border)",lobith.bovenrijn.tolkamer,51.8495,6.1024,2020-10-01,1330.06,289,1284.64,1359.14
lobith_rijn,"Lobith Bovenrijn (Rhine, DE border)",lobith.bovenrijn.tolkamer,51.8495,6.1024,2020-10-02,1294.51,289,1251.75,1339.78
lobith_rijn,"Lobith Bovenrijn (Rhine, DE border)",lobith.bovenrijn.tolkamer,51.8495,6.1024,2020-10-03,1247.84,285,1211.74,1282.61
lobith_rijn,"Lobith Bovenrijn (Rhine, DE border)",lobith.bovenrijn.tolkamer,51.8495,6.1024,2020-10-04,1236.21,289,1202.02,1269.42
lobith_rijn,"Lobith Bovenrijn (Rhine, DE border)",lobith.bovenrijn.tolkamer,51.8495,6.1024,2020-10-05,1222.64,284,1188.09,1254.97
lobith_rijn,"Lobith Bovenrijn (Rhine, DE border)",lobith.bovenrijn.tolkamer,51.8495,6.1024,2020-10-06,1217.87,289,1173.07,1256.98
lobith_rijn,"Lobith Bovenrijn (Rhine, DE border)",lobith.bovenrijn.tolkamer,51.8495,6.1024,2020-10-07,1288.92,289,1208.72,1393.48
lobith_rijn,"Lobith Bovenrijn (Rhine, DE border)",lobith.bovenrijn.tolkamer,51.8495,6.1024,2020-10-08,1485.79,289,1369.41,1595.55
lobith_rijn,"Lobith Bovenrijn (Rhine, DE border)",lobith.bovenrijn.tolkamer,51.8495,6.1024,2020-10-09,1616.36,289,1546.55,1705.27
lobith_rijn,"Lobith Bovenrijn (Rhine, DE border)",lobith.bovenrijn.tolkamer,51.8495,6.1024,2020-10-10,1706.68,289,1629.77,1784.96
lobith_rijn,"Lobith Bovenrijn (Rhine, DE border)",lobith.bovenrijn.tolkamer,51.8495,6.1024,2020-10-11,1784.52,288,1705.53,1853.21
lobith_rijn,"Lobith Bovenrijn (Rhine, DE border)",lobith.bovenrijn.tolkamer,51.8495,6.1024,2020-10-12,1801.21,288,1729.64,1865.65
lobith_rijn,"Lobith Bovenrijn (Rhine, DE border)",lobith.bovenrijn.tolkamer,51.8495,6.1024,2020-10-13,1746.08,289,1671.83,1828.43
lobith_rijn,"Lobith Bovenrijn (Rhine, DE border)",lobith.bovenrijn.tolkamer,51.8495,6.1024,2020-10-14,1681.9,288,1613.08,1773.84
lobith_rijn,"Lobith Bovenrijn (Rhine, DE border)",lobith.bovenrijn.tolkamer,51.8495,6.1024,2020-10-15,1625.54,289,1564.14,1679.61
lobith_rijn,"Lobith Bovenrijn (Rhine, DE border)",lobith.bovenrijn.tolkamer,51.8495,6.1024,2020-10-16,1587.42,289,1546.56,1646.39
lobith_rijn,"Lobith Bovenrijn (Rhine, DE border)",lobith.bovenrijn.tolkamer,51.8495,6.1024,2020-10-17,1549.83,289,1507.28,1608.87
lobith_rijn,"Lobith Bovenrijn (Rhine, DE border)",lobith.bovenrijn.tolkamer,51.8495,6.1024,2020-10-18,1487.26,289,1442.7,1548.04
lobith_rijn,"Lobith Bovenrijn (Rhine, DE border)",lobith.bovenrijn.tolkamer,51.8495,6.1024,2020-10-19,1439.7,289,1411.84,1469.8
lobith_rijn,"Lobith Bovenrijn (Rhine, DE border)",lobith.bovenrijn.tolkamer,51.8495,6.1024,2020-10-20,1409.94,289,1367.5,1438.98
lobith_rijn,"Lobith Bovenrijn (Rhine, DE border)",lobith.bovenrijn.tolkamer,51.8495,6.1024,2020-10-21,1382.93,289,1351.83,1410.44
lobith_rijn,"Lobith Bovenrijn (Rhine, DE border)",lobith.bovenrijn.tolkamer,51.8495,6.1024,2020-10-22,1353.45,289,1316.07,1382.76
lobith_rijn,"Lobith Bovenrijn (Rhine, DE border)",lobith.bovenrijn.tolkamer,51.8495,6.1024,2020-10-23,1323.96,289,1297.73,1350.41
lobith_rijn,"Lobith Bovenrijn (Rhine, DE border)",lobith.bovenrijn.tolkamer,51.8495,6.1024,2020-10-24,1316.41,289,1286.84,1340.77
lobith_rijn,"Lobith Bovenrijn (Rhine, DE border)",lobith.bovenrijn.tolkamer,51.8495,6.1024,2020-10-25,1276.95,289,1232.24,1312.42
lobith_rijn,"Lobith Bovenrijn (Rhine, DE border)",lobith.bovenrijn.tolkamer,51.8495,6.1024,2020-10-26,1252.2,289,1223.06,1282.43
lobith_rijn,"Lobith Bovenrijn (Rhine, DE border)",lobith.bovenrijn.tolkamer,51.8495,6.1024,2020-10-27,1259.02,289,1212.63,1305.29
lobith_rijn,"Lobith Bovenrijn (Rhine, DE border)",lobith.bovenrijn.tolkamer,51.8495,6.1024,2020-10-28,1362.67,289,1295.75,1452.94
lobith_rijn,"Lobith Bovenrijn (Rhine, DE border)",lobith.bovenrijn.tolkamer,51.8495,6.1024,2020-10-29,1474.57,285,1405.13,1561.1
lobith_rijn,"Lobith Bovenrijn (Rhine, DE border)",lobith.bovenrijn.tolkamer,51.8495,6.1024,2020-10-30,1615.08,289,1521.67,1725.09
lobith_rijn,"Lobith Bovenrijn (Rhine, DE border)",lobith.bovenrijn.tolkamer,51.8495,6.1024,2020-10-31,1760.23,289,1666.15,1864.16
lobith_rijn,"Lobith Bovenrijn (Rhine, DE border)",lobith.bovenrijn.tolkamer,51.8495,6.1024,2020-11-01,1854.33,289,1764.12,1913.58
lobith_rijn,"Lobith Bovenrijn (Rhine, DE border)",lobith.bovenrijn.tolkamer,51.8495,6.1024,2020-11-02,1916.62,289,1861.66,1975.37
lobith_rijn,"Lobith Bovenrijn (Rhine, DE border)",lobith.bovenrijn.tolkamer,51.8495,6.1024,2020-11-03,1906.42,289,1858.41,1942.01
lobith_rijn,"Lobith Bovenrijn (Rhine, DE border)",lobith.bovenrijn.tolkamer,51.8495,6.1024,2020-11-04,1858.05,289,1773.2,1922.48
lobith_rijn,"Lobith Bovenrijn (Rhine, DE border)",lobith.bovenrijn.tolkamer,51.8495,6.1024,2020-11-05,1788.13,289,1706.36,1849.99
lobith_rijn,"Lobith Bovenrijn (Rhine, DE border)",lobith.bovenrijn.tolkamer,51.8495,6.1024,2020-11-06,1727.45,289,1655.95,1803.45
lobith_rijn,"Lobith Bovenrijn (Rhine, DE border)",lobith.bovenrijn.tolkamer,51.8495,6.1024,2020-11-07,1675.41,289,1613.34,1731.56
lobith_rijn,"Lobith Bovenrijn (Rhine, DE border)",lobith.bovenrijn.tolkamer,51.8495,6.1024,2020-11-08,1620.68,285,1554.49,1673.89
lobith_rijn,"Lobith Bovenrijn (Rhine, DE border)",lobith.bovenrijn.tolkamer,51.8495,6.1024,2020-11-09,1567.92,289,1515.31,1634.46
lobith_rijn,"Lobith Bovenrijn (Rhine, DE border)",lobith.bovenrijn.tolkamer,51.8495,6.1024,2020-11-10,1520.9,283,1466.53,1567.0
lobith_rijn,"Lobith Bovenrijn (Rhine, DE border)",lobith.bovenrijn.tolkamer,51.8495,6.1024,2020-11-11,1453.12,289,1403.4,1506.92
lobith_rijn,"Lobith Bovenrijn (Rhine, DE border)",lobith.bovenrijn.tolkamer,51.8495,6.1024,2020-11-12,1389.37,289,1347.77,1435.58
lobith_rijn,"Lobith Bovenrijn (Rhine, DE border)",lobith.bovenrijn.tolkamer,51.8495,6.1024,2020-11-13,1339.34,289,1307.15,1377.09
lobith_rijn,"Lobith Bovenrijn (Rhine, DE border)",lobith.bovenrijn.tolkamer,51.8495,6.1024,2020-11-14,1304.79,289,1277.05,1330.95
lobith_rijn,"Lobith Bovenrijn (Rhine, DE border)",lobith.bovenrijn.tolkamer,51.8495,6.1024,2020-11-15,1281.65,289,1252.93,1308.94
lobith_rijn,"Lobith Bovenrijn (Rhine, DE border)",lobith.bovenrijn.tolkamer,51.8495,6.1024,2020-11-16,1270.22,289,1231.76,1310.13
lobith_rijn,"Lobith Bovenrijn (Rhine, DE border)",lobith.bovenrijn.tolkamer,51.8495,6.1024,2020-11-17,1251.85,289,1217.74,1282.2
lobith_rijn,"Lobith Bovenrijn (Rhine, DE border)",lobith.bovenrijn.tolkamer,51.8495,6.1024,2020-11-18,1227.58,289,1193.37,1274.67
lobith_rijn,"Lobith Bovenrijn (Rhine, DE border)",lobith.bovenrijn.tolkamer,51.8495,6.1024,2020-11-19,1216.7,289,1183.12,1252.82
lobith_rijn,"Lobith Bovenrijn (Rhine, DE border)",lobith.bovenrijn.tolkamer,51.8495,6.1024,2020-11-20,1199.3,289,1154.41,1239.13
lobith_rijn,"Lobith Bovenrijn (Rhine, DE border)",lobith.bovenrijn.tolkamer,51.8495,6.1024,2020-11-21,1176.17,289,1145.41,1208.3
lobith_rijn,"Lobith Bovenrijn (Rhine, DE border)",lobith.bovenrijn.tolkamer,51.8495,6.1024,2020-11-22,1163.23,289,1121.4,1204.79
lobith_rijn,"Lobith Bovenrijn (Rhine, DE border)",lobith.bovenrijn.tolkamer,51.8495,6.1024,2020-11-23,1148.37,287,1107.57,1188.57
lobith_rijn,"Lobith Bovenrijn (Rhine, DE border)",lobith.bovenrijn.tolkamer,51.8495,6.1024,2020-11-24,1146.8,288,1112.63,1179.39
lobith_rijn,"Lobith Bovenrijn (Rhine, DE border)",lobith.bovenrijn.tolkamer,51.8495,6.1024,2020-11-25,1141.4,289,1102.88,1179.39
lobith_rijn,"Lobith Bovenrijn (Rhine, DE border)",lobith.bovenrijn.tolkamer,51.8495,6.1024,2020-11-26,1126.26,289,1084.17,1162.6
lobith_rijn,"Lobith Bovenrijn (Rhine, DE border)",lobith.bovenrijn.tolkamer,51.8495,6.1024,2020-11-27,1101.07,289,1061.06,1154.25
lobith_rijn,"Lobith Bovenrijn (Rhine, DE border)",lobith.bovenrijn.tolkamer,51.8495,6.1024,2020-11-28,1090.01,289,1047.36,1129.33
lobith_rijn,"Lobith Bovenrijn (Rhine, DE border)",lobith.bovenrijn.tolkamer,51.8495,6.1024,2020-11-29,1081.79,289,1033.56,1129.35
lobith_rijn,"Lobith Bovenrijn (Rhine, DE border)",lobith.bovenrijn.tolkamer,51.8495,6.1024,2020-11-30,1064.1,289,1029.45,1105.5
lobith_rijn,"Lobith Bovenrijn (Rhine, DE border)",lobith.bovenrijn.tolkamer,51.8495,6.1024,2020-12-01,1067.14,289,1024.8,1113.72
lobith_rijn,"Lobith Bovenrijn (Rhine, DE border)",lobith.bovenrijn.tolkamer,51.8495,6.1024,2020-12-02,1095.36,289,1043.22,1138.49
lobith_rijn,"Lobith Bovenrijn (Rhine, DE border)",lobith.bovenrijn.tolkamer,51.8495,6.1024,2020-12-03,1077.38,289,1033.81,1121.17
lobith_rijn,"Lobith Bovenrijn (Rhine, DE border)",lobith.bovenrijn.tolkamer,51.8495,6.1024,2020-12-04,1052.98,289,1011.34,1097.39
lobith_rijn,"Lobith Bovenrijn (Rhine, DE border)",lobith.bovenrijn.tolkamer,51.8495,6.1024,2020-12-05,1066.29,289,1025.0,1114.58
lobith_rijn,"Lobith Bovenrijn (Rhine, DE border)",lobith.bovenrijn.tolkamer,51.8495,6.1024,2020-12-06,1085.83,289,1034.02,1144.24
lobith_rijn,"Lobith Bovenrijn (Rhine, DE border)",lobith.bovenrijn.tolkamer,51.8495,6.1024,2020-12-07,1170.4,289,1094.57,1237.16
lobith_rijn,"Lobith Bovenrijn (Rhine, DE border)",lobith.bovenrijn.tolkamer,51.8495,6.1024,2020-12-08,1218.28,289,1185.42,1248.84
lobith_rijn,"Lobith Bovenrijn (Rhine, DE border)",lobith.bovenrijn.tolkamer,51.8495,6.1024,2020-12-09,1200.0,289,1159.35,1243.83
lobith_rijn,"Lobith Bovenrijn (Rhine, DE border)",lobith.bovenrijn.tolkamer,51.8495,6.1024,2020-12-10,1180.18,289,1135.66,1222.25
lobith_rijn,"Lobith Bovenrijn (Rhine, DE border)",lobith.bovenrijn.tolkamer,51.8495,6.1024,2020-12-11,1179.23,289,1146.06,1214.41
lobith_rijn,"Lobith Bovenrijn (Rhine, DE border)",lobith.bovenrijn.tolkamer,51.8495,6.1024,2020-12-12,1176.79,289,1140.88,1210.17
lobith_rijn,"Lobith Bovenrijn (Rhine, DE border)",lobith.bovenrijn.tolkamer,51.8495,6.1024,2020-12-13,1177.37,289,1140.89,1219.43
lobith_rijn,"Lobith Bovenrijn (Rhine, DE border)",lobith.bovenrijn.tolkamer,51.8495,6.1024,2020-12-14,1186.6,287,1160.41,1213.76
lobith_rijn,"Lobith Bovenrijn (Rhine, DE border)",lobith.bovenrijn.tolkamer,51.8495,6.1024,2020-12-15,1201.87,289,1170.02,1231.67
lobith_rijn,"Lobith Bovenrijn (Rhine, DE border)",lobith.bovenrijn.tolkamer,51.8495,6.1024,2020-12-16,1236.62,289,1185.02,1289.66
lobith_rijn,"Lobith Bovenrijn (Rhine, DE border)",lobith.bovenrijn.tolkamer,51.8495,6.1024,2020-12-17,1292.14,289,1249.62,1338.86
lobith_rijn,"Lobith Bovenrijn (Rhine, DE border)",lobith.bovenrijn.tolkamer,51.8495,6.1024,2020-12-18,1363.29,268,1304.99,1408.1
lobith_rijn,"Lobith Bovenrijn (Rhine, DE border)",lobith.bovenrijn.tolkamer,51.8495,6.1024,2020-12-19,1405.9,289,1375.35,1440.84
lobith_rijn,"Lobith Bovenrijn (Rhine, DE border)",lobith.bovenrijn.tolkamer,51.8495,6.1024,2020-12-20,1408.85,289,1374.39,1439.84
lobith_rijn,"Lobith Bovenrijn (Rhine, DE border)",lobith.bovenrijn.tolkamer,51.8495,6.1024,2020-12-21,1393.66,287,1370.1,1428.81
lobith_rijn,"Lobith Bovenrijn (Rhine, DE border)",lobith.bovenrijn.tolkamer,51.8495,6.1024,2020-12-22,1386.41,289,1363.9,1411.96
lobith_rijn,"Lobith Bovenrijn (Rhine, DE border)",lobith.bovenrijn.tolkamer,51.8495,6.1024,2020-12-23,1400.71,289,1364.85,1450.98
lobith_rijn,"Lobith Bovenrijn (Rhine, DE border)",lobith.bovenrijn.tolkamer,51.8495,6.1024,2020-12-24,1531.3,289,1426.34,1661.91
lobith_rijn,"Lobith Bovenrijn (Rhine, DE border)",lobith.bovenrijn.tolkamer,51.8495,6.1024,2020-12-25,1935.45,289,1638.4,2351.93
lobith_rijn,"Lobith Bovenrijn (Rhine, DE border)",lobith.bovenrijn.tolkamer,51.8495,6.1024,2020-12-26,2512.32,289,0.0,2725.43
lobith_rijn,"Lobith Bovenrijn (Rhine, DE border)",lobith.bovenrijn.tolkamer,51.8495,6.1024,2020-12-27,2707.95,289,2616.71,2781.38
lobith_rijn,"Lobith Bovenrijn (Rhine, DE border)",lobith.bovenrijn.tolkamer,51.8495,6.1024,2020-12-28,2771.17,289,2698.13,2873.31
lobith_rijn,"Lobith Bovenrijn (Rhine, DE border)",lobith.bovenrijn.tolkamer,51.8495,6.1024,2020-12-29,2704.05,287,2615.82,2825.08
lobith_rijn,"Lobith Bovenrijn (Rhine, DE border)",lobith.bovenrijn.tolkamer,51.8495,6.1024,2020-12-30,2620.12,289,2562.61,2672.41
lobith_rijn,"Lobith Bovenrijn (Rhine, DE border)",lobith.bovenrijn.tolkamer,51.8495,6.1024,2020-12-31,2549.49,289,2469.63,2644.31
sintpieter_maas,"Sint Pieter (Meuse, BE border)",maastricht.sintpieter,50.83,5.697,2020-01-01,530.84,145,504.75,558.7
sintpieter_maas,"Sint Pieter (Meuse, BE border)",maastricht.sintpieter,50.83,5.697,2020-01-02,452.91,145,378.63,505.75
sintpieter_maas,"Sint Pieter (Meuse, BE border)",maastricht.sintpieter,50.83,5.697,2020-01-03,429.2,145,395.67,469.75
sintpieter_maas,"Sint Pieter (Meuse, BE border)",maastricht.sintpieter,50.83,5.697,2020-01-04,450.01,145,403.69,496.76
sintpieter_maas,"Sint Pieter (Meuse, BE border)",maastricht.sintpieter,50.83,5.697,2020-01-05,421.58,145,385.41,453.75
sintpieter_maas,"Sint Pieter (Meuse, BE border)",maastricht.sintpieter,50.83,5.697,2020-01-06,352.97,145,222.88,440.74
sintpieter_maas,"Sint Pieter (Meuse, BE border)",maastricht.sintpieter,50.83,5.697,2020-01-07,322.02,145,213.81,417.71
sintpieter_maas,"Sint Pieter (Meuse, BE border)",maastricht.sintpieter,50.83,5.697,2020-01-08,313.38,145,219.86,387.66
sintpieter_maas,"Sint Pieter (Meuse, BE border)",maastricht.sintpieter,50.83,5.697,2020-01-09,319.5,145,260.14,372.62
sintpieter_maas,"Sint Pieter (Meuse, BE border)",maastricht.sintpieter,50.83,5.697,2020-01-10,452.48,145,293.32,611.61
sintpieter_maas,"Sint Pieter (Meuse, BE border)",maastricht.sintpieter,50.83,5.697,2020-01-11,567.64,145,519.75,632.55
sintpieter_maas,"Sint Pieter (Meuse, BE border)",maastricht.sintpieter,50.83,5.697,2020-01-12,506.08,145,302.36,578.67
sintpieter_maas,"Sint Pieter (Meuse, BE border)",maastricht.sintpieter,50.83,5.697,2020-01-13,441.9,145,314.42,587.65
sintpieter_maas,"Sint Pieter (Meuse, BE border)",maastricht.sintpieter,50.83,5.697,2020-01-14,438.34,145,394.67,501.76
sintpieter_maas,"Sint Pieter (Meuse, BE border)",maastricht.sintpieter,50.83,5.697,2020-01-15,432.89,145,364.59,498.76
sintpieter_maas,"Sint Pieter (Meuse, BE border)",maastricht.sintpieter,50.83,5.697,2020-01-16,399.69,145,281.26,484.76
sintpieter_maas,"Sint Pieter (Meuse, BE border)",maastricht.sintpieter,50.83,5.697,2020-01-17,378.85,145,234.97,464.75
sintpieter_maas,"Sint Pieter (Meuse, BE border)",maastricht.sintpieter,50.83,5.697,2020-01-18,366.76,145,333.5,433.73
sintpieter_maas,"Sint Pieter (Meuse, BE border)",maastricht.sintpieter,50.83,5.697,2020-01-19,349.75,145,274.22,421.71
sintpieter_maas,"Sint Pieter (Meuse, BE border)",maastricht.sintpieter,50.83,5.697,2020-01-20,326.94,145,256.11,402.69
sintpieter_maas,"Sint Pieter (Meuse, BE border)",maastricht.sintpieter,50.83,5.697,2020-01-21,279.98,145,214.82,331.49
sintpieter_maas,"Sint Pieter (Meuse, BE border)",maastricht.sintpieter,50.83,5.697,2020-01-22,269.83,145,163.33,390.66
sintpieter_maas,"Sint Pieter (Meuse, BE border)",maastricht.sintpieter,50.83,5.697,2020-01-23,255.27,145,204.73,311.4
sintpieter_maas,"Sint Pieter (Meuse, BE border)",maastricht.sintpieter,50.83,5.697,2020-01-24,235.58,145,117.78,364.59
sintpieter_maas,"Sint Pieter (Meuse, BE border)",maastricht.sintpieter,50.83,5.697,2020-01-25,239.4,145,144.12,357.57
sintpieter_maas,"Sint Pieter (Meuse, BE border)",maastricht.sintpieter,50.83,5.697,2020-01-26,238.39,145,166.37,363.59
sintpieter_maas,"Sint Pieter (Meuse, BE border)",maastricht.sintpieter,50.83,5.697,2020-01-27,215.0,145,83.24,330.48
sintpieter_maas,"Sint Pieter (Meuse, BE border)",maastricht.sintpieter,50.83,5.697,2020-01-28,419.88,145,251.08,610.61
sintpieter_maas,"Sint Pieter (Meuse, BE border)",maastricht.sintpieter,50.83,5.697,2020-01-29,501.29,145,356.57,609.61
sintpieter_maas,"Sint Pieter (Meuse, BE border)",maastricht.sintpieter,50.83,5.697,2020-01-30,493.71,145,268.18,665.46
sintpieter_maas,"Sint Pieter (Meuse, BE border)",maastricht.sintpieter,50.83,5.697,2020-01-31,498.63,145,397.68,572.68
sintpieter_maas,"Sint Pieter (Meuse, BE border)",maastricht.sintpieter,50.83,5.697,2020-02-01,626.88,145,453.75,897.38
sintpieter_maas,"Sint Pieter (Meuse, BE border)",maastricht.sintpieter,50.83,5.697,2020-02-02,974.23,145,797.92,1165.9
sintpieter_maas,"Sint Pieter (Meuse, BE border)",maastricht.sintpieter,50.83,5.697,2020-02-03,1105.18,145,1059.87,1143.79
sintpieter_maas,"Sint Pieter (Meuse, BE border)",maastricht.sintpieter,50.83,5.697,2020-02-04,1463.02,145,1105.15,1636.18
sintpieter_maas,"Sint Pieter (Meuse, BE border)",maastricht.sintpieter,50.83,5.697,2020-02-05,1613.11,145,1460.71,1741.86
sintpieter_maas,"Sint Pieter (Meuse, BE border)",maastricht.sintpieter,50.83,5.697,2020-02-06,1326.52,145,1222.65,1499.03
sintpieter_maas,"Sint Pieter (Meuse, BE border)",maastricht.sintpieter,50.83,5.697,2020-02-07,1112.14,145,1015.56,1210.62
sintpieter_maas,"Sint Pieter (Meuse, BE border)",maastricht.sintpieter,50.83,5.697,2020-02-08,952.84,145,791.84,1064.21
sintpieter_maas,"Sint Pieter (Meuse, BE border)",maastricht.sintpieter,50.83,5.697,2020-02-09,784.93,145,604.98,906.32
sintpieter_maas,"Sint Pieter (Meuse, BE border)",maastricht.sintpieter,50.83,5.697,2020-02-10,958.55,145,802.6,1065.21
sintpieter_maas,"Sint Pieter (Meuse, BE border)",maastricht.sintpieter,50.83,5.697,2020-02-11,1128.97,145,1047.34,1235.61
sintpieter_maas,"Sint Pieter (Meuse, BE border)",maastricht.sintpieter,50.83,5.697,2020-02-12,998.89,145,877.96,1085.05
sintpieter_maas,"Sint Pieter (Meuse, BE border)",maastricht.sintpieter,50.83,5.697,2020-02-13,961.16,145,924.31,1006.65
sintpieter_maas,"Sint Pieter (Meuse, BE border)",maastricht.sintpieter,50.83,5.697,2020-02-14,1011.56,145,929.17,1084.05
sintpieter_maas,"Sint Pieter (Meuse, BE border)",maastricht.sintpieter,50.83,5.697,2020-02-15,935.86,145,840.7,1038.41
sintpieter_maas,"Sint Pieter (Meuse, BE border)",maastricht.sintpieter,50.83,5.697,2020-02-16,850.76,145,786.16,899.36
sintpieter_maas,"Sint Pieter (Meuse, BE border)",maastricht.sintpieter,50.83,5.697,2020-02-17,925.63,145,811.15,1014.58
sintpieter_maas,"Sint Pieter (Meuse, BE border)",maastricht.sintpieter,50.83,5.697,2020-02-18,867.8,145,732.3,1002.67
sintpieter_maas,"Sint Pieter (Meuse, BE border)",maastricht.sintpieter,50.83,5.697,2020-02-19,782.83,145,664.48,860.59
sintpieter_maas,"Sint Pieter (Meuse, BE border)",maastricht.sintpieter,50.83,5.697,2020-02-20,753.61,145,694.49,827.77
sintpieter_maas,"Sint Pieter (Meuse, BE border)",maastricht.sintpieter,50.83,5.697,2020-02-21,745.63,145,713.57,782.0
sintpieter_maas,"Sint Pieter (Meuse, BE border)",maastricht.sintpieter,50.83,5.697,2020-02-22,663.88,145,517.8,722.26
sintpieter_maas,"Sint Pieter (Meuse, BE border)",maastricht.sintpieter,50.83,5.697,2020-02-23,639.96,145,587.78,663.46
sintpieter_maas,"Sint Pieter (Meuse, BE border)",maastricht.sintpieter,50.83,5.697,2020-02-24,694.66,145,633.55,783.99
sintpieter_maas,"Sint Pieter (Meuse, BE border)",maastricht.sintpieter,50.83,5.697,2020-02-25,702.06,145,662.07,749.15
sintpieter_maas,"Sint Pieter (Meuse, BE border)",maastricht.sintpieter,50.83,5.697,2020-02-26,829.51,145,708.31,914.27
sintpieter_maas,"Sint Pieter (Meuse, BE border)",maastricht.sintpieter,50.83,5.697,2020-02-27,816.29,145,706.4,922.22
sintpieter_maas,"Sint Pieter (Meuse, BE border)",maastricht.sintpieter,50.83,5.697,2020-02-28,885.47,145,824.0,945.07
sintpieter_maas,"Sint Pieter (Meuse, BE border)",maastricht.sintpieter,50.83,5.697,2020-02-29,953.18,145,892.41,1038.41
sintpieter_maas,"Sint Pieter (Meuse, BE border)",maastricht.sintpieter,50.83,5.697,2020-03-01,1074.2,145,1034.44,1121.75
sintpieter_maas,"Sint Pieter (Meuse, BE border)",maastricht.sintpieter,50.83,5.697,2020-03-02,1183.63,145,1052.3,1280.86
sintpieter_maas,"Sint Pieter (Meuse, BE border)",maastricht.sintpieter,50.83,5.697,2020-03-03,1255.57,145,1231.91,1292.85
sintpieter_maas,"Sint Pieter (Meuse, BE border)",maastricht.sintpieter,50.83,5.697,2020-03-04,1141.41,145,996.28,1239.3
sintpieter_maas,"Sint Pieter (Meuse, BE border)",maastricht.sintpieter,50.83,5.697,2020-03-05,1015.79,145,915.87,1057.26
sintpieter_maas,"Sint Pieter (Meuse, BE border)",maastricht.sintpieter,50.83,5.697,2020-03-06,1245.77,145,1018.75,1469.84
sintpieter_maas,"Sint Pieter (Meuse, BE border)",maastricht.sintpieter,50.83,5.697,2020-03-07,1420.04,145,1324.15,1467.11
sintpieter_maas,"Sint Pieter (Meuse, BE border)",maastricht.sintpieter,50.83,5.697,2020-03-08,1255.71,145,1151.31,1340.66
sintpieter_maas,"Sint Pieter (Meuse, BE border)",maastricht.sintpieter,50.83,5.697,2020-03-09,1159.98,145,1093.33,1212.47
sintpieter_maas,"Sint Pieter (Meuse, BE border)",maastricht.sintpieter,50.83,5.697,2020-03-10,1169.59,145,1031.16,1363.77
sintpieter_maas,"Sint Pieter (Meuse, BE border)",maastricht.sintpieter,50.83,5.697,2020-03-11,1451.1,145,1363.5,1509.96
sintpieter_maas,"Sint Pieter (Meuse, BE border)",maastricht.sintpieter,50.83,5.697,2020-03-12,1411.7,145,1341.63,1469.84
sintpieter_maas,"Sint Pieter (Meuse, BE border)",maastricht.sintpieter,50.83,5.697,2020-03-13,1227.63,145,1162.38,1348.98
sintpieter_maas,"Sint Pieter (Meuse, BE border)",maastricht.sintpieter,50.83,5.697,2020-03-14,1116.06,145,1043.71,1169.81
sintpieter_maas,"Sint Pieter (Meuse, BE border)",maastricht.sintpieter,50.83,5.697,2020-03-15,1008.55,145,908.31,1080.09
sintpieter_maas,"Sint Pieter (Meuse, BE border)",maastricht.sintpieter,50.83,5.697,2020-03-16,858.48,145,741.18,942.09
sintpieter_maas,"Sint Pieter (Meuse, BE border)",maastricht.sintpieter,50.83,5.697,2020-03-17,730.74,145,652.5,816.83
sintpieter_maas,"Sint Pieter (Meuse, BE border)",maastricht.sintpieter,50.83,5.697,2020-03-18,643.33,145,595.64,700.35
sintpieter_maas,"Sint Pieter (Meuse, BE border)",maastricht.sintpieter,50.83,5.697,2020-03-19,584.31,145,475.76,651.5
sintpieter_maas,"Sint Pieter (Meuse, BE border)",maastricht.sintpieter,50.83,5.697,2020-03-20,551.66,145,488.76,617.59
sintpieter_maas,"Sint Pieter (Meuse, BE border)",maastricht.sintpieter,50.83,5.697,2020-03-21,511.83,145,367.6,579.67
sintpieter_maas,"Sint Pieter (Meuse, BE border)",maastricht.sintpieter,50.83,5.697,2020-03-22,505.74,145,395.67,584.66
sintpieter_maas,"Sint Pieter (Meuse, BE border)",maastricht.sintpieter,50.83,5.697,2020-03-23,428.11,145,320.44,484.76
sintpieter_maas,"Sint Pieter (Meuse, BE border)",maastricht.sintpieter,50.83,5.697,2020-03-24,379.97,145,268.18,440.74
sintpieter_maas,"Sint Pieter (Meuse, BE border)",maastricht.sintpieter,50.83,5.697,2020-03-25,340.47,145,271.2,402.69
sintpieter_maas,"Sint Pieter (Meuse, BE border)",maastricht.sintpieter,50.83,5.697,2020-03-26,312.07,145,186.57,497.76
sintpieter_maas,"Sint Pieter (Meuse, BE border)",maastricht.sintpieter,50.83,5.697,2020-03-27,298.56,145,165.35,387.66
sintpieter_maas,"Sint Pieter (Meuse, BE border)",maastricht.sintpieter,50.83,5.697,2020-03-28,298.83,145,240.01,391.66
sintpieter_maas,"Sint Pieter (Meuse, BE border)",maastricht.sintpieter,50.83,5.697,2020-03-29,277.26,145,165.35,353.56
sintpieter_maas,"Sint Pieter (Meuse, BE border)",maastricht.sintpieter,50.83,5.697,2020-03-30,268.14,145,152.21,367.6
sintpieter_maas,"Sint Pieter (Meuse, BE border)",maastricht.sintpieter,50.83,5.697,2020-03-31,239.97,145,157.27,336.5
sintpieter_maas,"Sint Pieter (Meuse, BE border)",maastricht.sintpieter,50.83,5.697,2020-04-01,235.25,145,80.18,340.51
sintpieter_maas,"Sint Pieter (Meuse, BE border)",maastricht.sintpieter,50.83,5.697,2020-04-02,233.63,145,150.19,343.53
sintpieter_maas,"Sint Pieter (Meuse, BE border)",maastricht.sintpieter,50.83,5.697,2020-04-03,219.0,145,175.46,333.5
sintpieter_maas,"Sint Pieter (Meuse, BE border)",maastricht.sintpieter,50.83,5.697,2020-04-04,216.13,145,154.23,379.63
sintpieter_maas,"Sint Pieter (Meuse, BE border)",maastricht.sintpieter,50.83,5.697,2020-04-05,193.92,145,76.11,298.34
sintpieter_maas,"Sint Pieter (Meuse, BE border)",maastricht.sintpieter,50.83,5.697,2020-04-06,212.18,145,103.57,349.55
sintpieter_maas,"Sint Pieter (Meuse, BE border)",maastricht.sintpieter,50.83,5.697,2020-04-07,171.39,145,108.65,250.07
sintpieter_maas,"Sint Pieter (Meuse, BE border)",maastricht.sintpieter,50.83,5.697,2020-04-08,167.86,145,101.54,228.92
sintpieter_maas,"Sint Pieter (Meuse, BE border)",maastricht.sintpieter,50.83,5.697,2020-04-09,164.31,145,71.02,328.48
sintpieter_maas,"Sint Pieter (Meuse, BE border)",maastricht.sintpieter,50.83,5.697,2020-04-10,157.24,145,52.65,241.01
sintpieter_maas,"Sint Pieter (Meuse, BE border)",maastricht.sintpieter,50.83,5.697,2020-04-11,157.3,145,52.65,243.02
sintpieter_maas,"Sint Pieter (Meuse, BE border)",maastricht.sintpieter,50.83,5.697,2020-04-12,169.97,145,122.85,304.37
sintpieter_maas,"Sint Pieter (Meuse, BE border)",maastricht.sintpieter,50.83,5.697,2020-04-13,149.83,145,50.61,233.96
sintpieter_maas,"Sint Pieter (Meuse, BE border)",maastricht.sintpieter,50.83,5.697,2020-04-14,143.86,145,36.27,309.39
sintpieter_maas,"Sint Pieter (Meuse, BE border)",maastricht.sintpieter,50.83,5.697,2020-04-15,151.46,145,60.82,257.12
sintpieter_maas,"Sint Pieter (Meuse, BE border)",maastricht.sintpieter,50.83,5.697,2020-04-16,133.88,145,28.05,232.95
sintpieter_maas,"Sint Pieter (Meuse, BE border)",maastricht.sintpieter,50.83,5.697,2020-04-17,125.29,145,50.61,207.76
sintpieter_maas,"Sint Pieter (Meuse, BE border)",maastricht.sintpieter,50.83,5.697,2020-04-18,132.51,145,31.13,232.95
sintpieter_maas,"Sint Pieter (Meuse, BE border)",maastricht.sintpieter,50.83,5.697,2020-04-19,147.02,145,87.31,199.69
sintpieter_maas,"Sint Pieter (Meuse, BE border)",maastricht.sintpieter,50.83,5.697,2020-04-20,132.62,145,56.74,237.99
sintpieter_maas,"Sint Pieter (Meuse, BE border)",maastricht.sintpieter,50.83,5.697,2020-04-21,110.9,145,41.39,206.75
sintpieter_maas,"Sint Pieter (Meuse, BE border)",maastricht.sintpieter,50.83,5.697,2020-04-22,115.38,145,42.41,156.26
sintpieter_maas,"Sint Pieter (Meuse, BE border)",maastricht.sintpieter,50.83,5.697,2020-04-23,97.49,145,25.99,225.9
sintpieter_maas,"Sint Pieter (Meuse, BE border)",maastricht.sintpieter,50.83,5.697,2020-04-24,111.69,145,52.65,173.44
sintpieter_maas,"Sint Pieter (Meuse, BE border)",maastricht.sintpieter,50.83,5.697,2020-04-25,105.65,145,55.72,196.66
sintpieter_maas,"Sint Pieter (Meuse, BE border)",maastricht.sintpieter,50.83,5.697,2020-04-26,123.82,145,18.77,196.66
sintpieter_maas,"Sint Pieter (Meuse, BE border)",maastricht.sintpieter,50.83,5.697,2020-04-27,96.14,145,38.32,160.3
sintpieter_maas,"Sint Pieter (Meuse, BE border)",maastricht.sintpieter,50.83,5.697,2020-04-28,103.19,145,23.93,194.64
sintpieter_maas,"Sint Pieter (Meuse, BE border)",maastricht.sintpieter,50.83,5.697,2020-04-29,102.83,145,39.34,199.69
sintpieter_maas,"Sint Pieter (Meuse, BE border)",maastricht.sintpieter,50.83,5.697,2020-04-30,121.01,145,40.37,244.03
sintpieter_maas,"Sint Pieter (Meuse, BE border)",maastricht.sintpieter,50.83,5.697,2020-05-01,148.99,145,-4.0,258.12
sintpieter_maas,"Sint Pieter (Meuse, BE border)",maastricht.sintpieter,50.83,5.697,2020-05-02,147.26,145,40.37,258.12
sintpieter_maas,"Sint Pieter (Meuse, BE border)",maastricht.sintpieter,50.83,5.697,2020-05-03,142.63,145,30.1,219.86
sintpieter_maas,"Sint Pieter (Meuse, BE border)",maastricht.sintpieter,50.83,5.697,2020-05-04,128.77,145,42.41,262.15
sintpieter_maas,"Sint Pieter (Meuse, BE border)",maastricht.sintpieter,50.83,5.697,2020-05-05,105.44,145,47.53,214.82
sintpieter_maas,"Sint Pieter (Meuse, BE border)",maastricht.sintpieter,50.83,5.697,2020-05-06,102.11,145,20.84,158.28
sintpieter_maas,"Sint Pieter (Meuse, BE border)",maastricht.sintpieter,50.83,5.697,2020-05-07,91.42,145,44.46,153.22
sintpieter_maas,"Sint Pieter (Meuse, BE border)",maastricht.sintpieter,50.83,5.697,2020-05-08,87.57,145,33.19,172.43
sintpieter_maas,"Sint Pieter (Meuse, BE border)",maastricht.sintpieter,50.83,5.697,2020-05-09,89.77,145,41.39,143.11
sintpieter_maas,"Sint Pieter (Meuse, BE border)",maastricht.sintpieter,50.83,5.697,2020-05-10,120.62,145,98.94,155.24
sintpieter_maas,"Sint Pieter (Meuse, BE border)",maastricht.sintpieter,50.83,5.697,2020-05-11,90.36,145,20.84,157.27
sintpieter_maas,"Sint Pieter (Meuse, BE border)",maastricht.sintpieter,50.83,5.697,2020-05-12,81.41,145,24.96,150.19
sintpieter_maas,"Sint Pieter (Meuse, BE border)",maastricht.sintpieter,50.83,5.697,2020-05-13,84.44,145,23.93,211.79
sintpieter_maas,"Sint Pieter (Meuse, BE border)",maastricht.sintpieter,50.83,5.697,2020-05-14,85.66,145,13.6,169.4
sintpieter_maas,"Sint Pieter (Meuse, BE border)",maastricht.sintpieter,50.83,5.697,2020-05-15,80.46,145,10.49,185.56
sintpieter_maas,"Sint Pieter (Meuse, BE border)",maastricht.sintpieter,50.83,5.697,2020-05-16,86.11,145,8.41,200.7
sintpieter_maas,"Sint Pieter (Meuse, BE border)",maastricht.sintpieter,50.83,5.697,2020-05-17,86.04,145,-5.0,209.78
sintpieter_maas,"Sint Pieter (Meuse, BE border)",maastricht.sintpieter,50.83,5.697,2020-05-18,97.33,145,18.77,176.47
sintpieter_maas,"Sint Pieter (Meuse, BE border)",maastricht.sintpieter,50.83,5.697,2020-05-19,68.04,145,24.96,143.11
sintpieter_maas,"Sint Pieter (Meuse, BE border)",maastricht.sintpieter,50.83,5.697,2020-05-20,70.64,145,16.7,130.95
sintpieter_maas,"Sint Pieter (Meuse, BE border)",maastricht.sintpieter,50.83,5.697,2020-05-21,75.87,145,24.96,161.31
sintpieter_maas,"Sint Pieter (Meuse, BE border)",maastricht.sintpieter,50.83,5.697,2020-05-22,72.69,145,24.96,126.9
sintpieter_maas,"Sint Pieter (Meuse, BE border)",maastricht.sintpieter,50.83,5.697,2020-05-23,62.73,145,-5.0,126.9
sintpieter_maas,"Sint Pieter (Meuse, BE border)",maastricht.sintpieter,50.83,5.697,2020-05-24,78.55,145,18.77,138.04
sintpieter_maas,"Sint Pieter (Meuse, BE border)",maastricht.sintpieter,50.83,5.697,2020-05-25,80.12,145,21.87,165.35
sintpieter_maas,"Sint Pieter (Meuse, BE border)",maastricht.sintpieter,50.83,5.697,2020-05-26,61.52,145,1.06,138.04
sintpieter_maas,"Sint Pieter (Meuse, BE border)",maastricht.sintpieter,50.83,5.697,2020-05-27,58.63,145,-17.0,125.89
sintpieter_maas,"Sint Pieter (Meuse, BE border)",maastricht.sintpieter,50.83,5.697,2020-05-28,59.41,145,-12.0,127.91
sintpieter_maas,"Sint Pieter (Meuse, BE border)",maastricht.sintpieter,50.83,5.697,2020-05-29,65.57,145,-22.0,146.15
sintpieter_maas,"Sint Pieter (Meuse, BE border)",maastricht.sintpieter,50.83,5.697,2020-05-30,62.06,145,19.81,136.02
sintpieter_maas,"Sint Pieter (Meuse, BE border)",maastricht.sintpieter,50.83,5.697,2020-05-31,62.98,145,20.84,156.26
sintpieter_maas,"Sint Pieter (Meuse, BE border)",maastricht.sintpieter,50.83,5.697,2020-06-01,60.98,145,6.32,124.87
sintpieter_maas,"Sint Pieter (Meuse, BE border)",maastricht.sintpieter,50.83,5.697,2020-06-02,69.76,145,24.96,111.69
sintpieter_maas,"Sint Pieter (Meuse, BE border)",maastricht.sintpieter,50.83,5.697,2020-06-03,45.27,145,-13.0,114.74
sintpieter_maas,"Sint Pieter (Meuse, BE border)",maastricht.sintpieter,50.83,5.697,2020-06-04,47.84,145,-13.0,118.79
sintpieter_maas,"Sint Pieter (Meuse, BE border)",maastricht.sintpieter,50.83,5.697,2020-06-05,69.52,145,16.7,127.91
sintpieter_maas,"Sint Pieter (Meuse, BE border)",maastricht.sintpieter,50.83,5.697,2020-06-06,92.37,145,14.63,219.86
sintpieter_maas,"Sint Pieter (Meuse, BE border)",maastricht.sintpieter,50.83,5.697,2020-06-07,83.54,145,32.16,193.63
sintpieter_maas,"Sint Pieter (Meuse, BE border)",maastricht.sintpieter,50.83,5.697,2020-06-08,60.04,145,7.36,188.59
sintpieter_maas,"Sint Pieter (Meuse, BE border)",maastricht.sintpieter,50.83,5.697,2020-06-09,73.26,145,17.74,152.21
sintpieter_maas,"Sint Pieter (Meuse, BE border)",maastricht.sintpieter,50.83,5.697,2020-06-10,63.45,145,-8.0,160.3
sintpieter_maas,"Sint Pieter (Meuse, BE border)",maastricht.sintpieter,50.83,5.697,2020-06-11,54.45,145,-12.0,142.1
sintpieter_maas,"Sint Pieter (Meuse, BE border)",maastricht.sintpieter,50.83,5.697,2020-06-12,62.69,145,-20.0,168.39
sintpieter_maas,"Sint Pieter (Meuse, BE border)",maastricht.sintpieter,50.83,5.697,2020-06-13,85.26,145,-8.0,400.61
sintpieter_maas,"Sint Pieter (Meuse, BE border)",maastricht.sintpieter,50.83,5.697,2020-06-14,84.78,145,-2.0,192.62
sintpieter_maas,"Sint Pieter (Meuse, BE border)",maastricht.sintpieter,50.83,5.697,2020-06-15,70.6,145,2.11,140.07
sintpieter_maas,"Sint Pieter (Meuse, BE border)",maastricht.sintpieter,50.83,5.697,2020-06-16,65.7,145,1.06,113.72
sintpieter_maas,"Sint Pieter (Meuse, BE border)",maastricht.sintpieter,50.83,5.697,2020-06-17,71.21,145,16.7,142.1
sintpieter_maas,"Sint Pieter (Meuse, BE border)",maastricht.sintpieter,50.83,5.697,2020-06-18,121.46,145,-19.0,406.69
sintpieter_maas,"Sint Pieter (Meuse, BE border)",maastricht.sintpieter,50.83,5.697,2020-06-19,86.37,145,14.63,157.27
sintpieter_maas,"Sint Pieter (Meuse, BE border)",maastricht.sintpieter,50.83,5.697,2020-06-20,71.24,145,30.1,148.17
sintpieter_maas,"Sint Pieter (Meuse, BE border)",maastricht.sintpieter,50.83,5.697,2020-06-21,68.12,145,12.56,123.86
sintpieter_maas,"Sint Pieter (Meuse, BE border)",maastricht.sintpieter,50.83,5.697,2020-06-22,73.78,145,33.19,155.24
sintpieter_maas,"Sint Pieter (Meuse, BE border)",maastricht.sintpieter,50.83,5.697,2020-06-23,52.57,145,-11.0,107.63
sintpieter_maas,"Sint Pieter (Meuse, BE border)",maastricht.sintpieter,50.83,5.697,2020-06-24,54.76,145,-3.0,128.92
sintpieter_maas,"Sint Pieter (Meuse, BE border)",maastricht.sintpieter,50.83,5.697,2020-06-25,60.12,145,-3.0,125.89
sintpieter_maas,"Sint Pieter (Meuse, BE border)",maastricht.sintpieter,50.83,5.697,2020-06-26,53.68,145,-3.0,103.57
sintpieter_maas,"Sint Pieter (Meuse, BE border)",maastricht.sintpieter,50.83,5.697,2020-06-27,48.09,145,-13.0,103.57
sintpieter_maas,"Sint Pieter (Meuse, BE border)",maastricht.sintpieter,50.83,5.697,2020-06-28,65.91,145,20.84,123.86
sintpieter_maas,"Sint Pieter (Meuse, BE border)",maastricht.sintpieter,50.83,5.697,2020-06-29,67.81,145,13.6,125.89
sintpieter_maas,"Sint Pieter (Meuse, BE border)",maastricht.sintpieter,50.83,5.697,2020-06-30,51.22,145,-2.0,108.65
sintpieter_maas,"Sint Pieter (Meuse, BE border)",maastricht.sintpieter,50.83,5.697,2020-07-01,46.71,145,-7.0,102.56
sintpieter_maas,"Sint Pieter (Meuse, BE border)",maastricht.sintpieter,50.83,5.697,2020-07-02,76.91,145,9.45,251.08
sintpieter_maas,"Sint Pieter (Meuse, BE border)",maastricht.sintpieter,50.83,5.697,2020-07-03,44.83,145,-2.0,105.6
sintpieter_maas,"Sint Pieter (Meuse, BE border)",maastricht.sintpieter,50.83,5.697,2020-07-04,62.78,145,-5.0,121.84
sintpieter_maas,"Sint Pieter (Meuse, BE border)",maastricht.sintpieter,50.83,5.697,2020-07-05,61.15,145,16.7,136.02
sintpieter_maas,"Sint Pieter (Meuse, BE border)",maastricht.sintpieter,50.83,5.697,2020-07-06,56.34,145,11.53,109.66
sintpieter_maas,"Sint Pieter (Meuse, BE border)",maastricht.sintpieter,50.83,5.697,2020-07-07,44.35,145,-1.0,106.62
sintpieter_maas,"Sint Pieter (Meuse, BE border)",maastricht.sintpieter,50.83,5.697,2020-07-08,40.61,145,-13.0,98.5
sintpieter_maas,"Sint Pieter (Meuse, BE border)",maastricht.sintpieter,50.83,5.697,2020-07-09,48.58,145,-5.0,105.6
sintpieter_maas,"Sint Pieter (Meuse, BE border)",maastricht.sintpieter,50.83,5.697,2020-07-10,50.57,145,6.32,113.72
sintpieter_maas,"Sint Pieter (Meuse, BE border)",maastricht.sintpieter,50.83,5.697,2020-07-11,53.79,145,-5.0,107.63
sintpieter_maas,"Sint Pieter (Meuse, BE border)",maastricht.sintpieter,50.83,5.697,2020-07-12,60.81,145,-7.0,139.05
sintpieter_maas,"Sint Pieter (Meuse, BE border)",maastricht.sintpieter,50.83,5.697,2020-07-13,50.95,145,-2.0,121.84
sintpieter_maas,"Sint Pieter (Meuse, BE border)",maastricht.sintpieter,50.83,5.697,2020-07-14,41.44,145,5.28,92.4
sintpieter_maas,"Sint Pieter (Meuse, BE border)",maastricht.sintpieter,50.83,5.697,2020-07-15,35.28,145,-10.0,103.57
sintpieter_maas,"Sint Pieter (Meuse, BE border)",maastricht.sintpieter,50.83,5.697,2020-07-16,35.13,145,-5.0,105.6
sintpieter_maas,"Sint Pieter (Meuse, BE border)",maastricht.sintpieter,50.83,5.697,2020-07-17,40.93,145,2.11,102.56
sintpieter_maas,"Sint Pieter (Meuse, BE border)",maastricht.sintpieter,50.83,5.697,2020-07-18,49.53,145,4.22,118.79
sintpieter_maas,"Sint Pieter (Meuse, BE border)",maastricht.sintpieter,50.83,5.697,2020-07-19,42.69,145,-15.0,115.75
sintpieter_maas,"Sint Pieter (Meuse, BE border)",maastricht.sintpieter,50.83,5.697,2020-07-20,44.81,145,-10.0,113.72
sintpieter_maas,"Sint Pieter (Meuse, BE border)",maastricht.sintpieter,50.83,5.697,2020-07-21,36.1,145,-10.0,118.79
sintpieter_maas,"Sint Pieter (Meuse, BE border)",maastricht.sintpieter,50.83,5.697,2020-07-22,37.6,145,-12.0,105.6
sintpieter_maas,"Sint Pieter (Meuse, BE border)",maastricht.sintpieter,50.83,5.697,2020-07-23,37.33,145,-8.0,93.42
sintpieter_maas,"Sint Pieter (Meuse, BE border)",maastricht.sintpieter,50.83,5.697,2020-07-24,36.42,145,-14.0,102.56
sintpieter_maas,"Sint Pieter (Meuse, BE border)",maastricht.sintpieter,50.83,5.697,2020-07-25,30.1,145,-25.0,80.18
sintpieter_maas,"Sint Pieter (Meuse, BE border)",maastricht.sintpieter,50.83,5.697,2020-07-26,52.43,145,2.11,110.9
sintpieter_maas,"Sint Pieter (Meuse, BE border)",maastricht.sintpieter,50.83,5.697,2020-07-27,64.86,145,-1.0,143.11
sintpieter_maas,"Sint Pieter (Meuse, BE border)",maastricht.sintpieter,50.83,5.697,2020-07-28,58.9,145,0.0,99.83
sintpieter_maas,"Sint Pieter (Meuse, BE border)",maastricht.sintpieter,50.83,5.697,2020-07-29,41.26,145,-12.0,101.54
sintpieter_maas,"Sint Pieter (Meuse, BE border)",maastricht.sintpieter,50.83,5.697,2020-07-30,39.04,145,-14.0,97.48
sintpieter_maas,"Sint Pieter (Meuse, BE border)",maastricht.sintpieter,50.83,5.697,2020-07-31,28.0,145,-31.0,89.35
sintpieter_maas,"Sint Pieter (Meuse, BE border)",maastricht.sintpieter,50.83,5.697,2020-08-01,21.64,145,-27.0,81.2
sintpieter_maas,"Sint Pieter (Meuse, BE border)",maastricht.sintpieter,50.83,5.697,2020-08-02,19.86,145,-45.0,80.18
sintpieter_maas,"Sint Pieter (Meuse, BE border)",maastricht.sintpieter,50.83,5.697,2020-08-03,32.18,145,-6.0,76.11
sintpieter_maas,"Sint Pieter (Meuse, BE border)",maastricht.sintpieter,50.83,5.697,2020-08-04,31.14,145,-16.0,93.42
sintpieter_maas,"Sint Pieter (Meuse, BE border)",maastricht.sintpieter,50.83,5.697,2020-08-05,33.35,145,-20.0,85.27
sintpieter_maas,"Sint Pieter (Meuse, BE border)",maastricht.sintpieter,50.83,5.697,2020-08-06,35.4,145,-23.0,99.51
sintpieter_maas,"Sint Pieter (Meuse, BE border)",maastricht.sintpieter,50.83,5.697,2020-08-07,27.75,145,-11.0,93.42
sintpieter_maas,"Sint Pieter (Meuse, BE border)",maastricht.sintpieter,50.83,5.697,2020-08-08,29.31,145,-12.0,120.82
sintpieter_maas,"Sint Pieter (Meuse, BE border)",maastricht.sintpieter,50.83,5.697,2020-08-09,29.72,145,-21.0,93.42
sintpieter_maas,"Sint Pieter (Meuse, BE border)",maastricht.sintpieter,50.83,5.697,2020-08-10,36.78,145,-12.0,77.13
sintpieter_maas,"Sint Pieter (Meuse, BE border)",maastricht.sintpieter,50.83,5.697,2020-08-11,32.88,145,-28.0,94.43
sintpieter_maas,"Sint Pieter (Meuse, BE border)",maastricht.sintpieter,50.83,5.697,2020-08-12,38.77,145,-18.0,99.51
sintpieter_maas,"Sint Pieter (Meuse, BE border)",maastricht.sintpieter,50.83,5.697,2020-08-13,39.86,145,-20.0,103.38
sintpieter_maas,"Sint Pieter (Meuse, BE border)",maastricht.sintpieter,50.83,5.697,2020-08-14,41.41,145,-23.41,100.73
sintpieter_maas,"Sint Pieter (Meuse, BE border)",maastricht.sintpieter,50.83,5.697,2020-08-15,35.6,145,-12.0,87.31
sintpieter_maas,"Sint Pieter (Meuse, BE border)",maastricht.sintpieter,50.83,5.697,2020-08-16,35.83,145,-3.0,88.33
sintpieter_maas,"Sint Pieter (Meuse, BE border)",maastricht.sintpieter,50.83,5.697,2020-08-17,37.4,145,-12.0,106.66
sintpieter_maas,"Sint Pieter (Meuse, BE border)",maastricht.sintpieter,50.83,5.697,2020-08-18,37.47,145,-6.0,104.53
sintpieter_maas,"Sint Pieter (Meuse, BE border)",maastricht.sintpieter,50.83,5.697,2020-08-19,37.64,145,-20.0,89.29
sintpieter_maas,"Sint Pieter (Meuse, BE border)",maastricht.sintpieter,50.83,5.697,2020-08-20,39.12,145,-34.0,116.57
sintpieter_maas,"Sint Pieter (Meuse, BE border)",maastricht.sintpieter,50.83,5.697,2020-08-21,36.6,145,-24.0,101.54
sintpieter_maas,"Sint Pieter (Meuse, BE border)",maastricht.sintpieter,50.83,5.697,2020-08-22,35.86,145,-15.0,96.98
sintpieter_maas,"Sint Pieter (Meuse, BE border)",maastricht.sintpieter,50.83,5.697,2020-08-23,18.23,145,-14.0,56.74
sintpieter_maas,"Sint Pieter (Meuse, BE border)",maastricht.sintpieter,50.83,5.697,2020-08-24,22.02,145,-21.0,74.08
sintpieter_maas,"Sint Pieter (Meuse, BE border)",maastricht.sintpieter,50.83,5.697,2020-08-25,24.8,145,-18.0,80.18
sintpieter_maas,"Sint Pieter (Meuse, BE border)",maastricht.sintpieter,50.83,5.697,2020-08-26,25.93,145,-20.0,84.26
sintpieter_maas,"Sint Pieter (Meuse, BE border)",maastricht.sintpieter,50.83,5.697,2020-08-27,31.93,145,-17.0,83.24
sintpieter_maas,"Sint Pieter (Meuse, BE border)",maastricht.sintpieter,50.83,5.697,2020-08-28,27.74,145,-15.0,73.25
sintpieter_maas,"Sint Pieter (Meuse, BE border)",maastricht.sintpieter,50.83,5.697,2020-08-29,23.12,145,-25.0,99.51
sintpieter_maas,"Sint Pieter (Meuse, BE border)",maastricht.sintpieter,50.83,5.697,2020-08-30,22.8,145,-20.0,105.6
sintpieter_maas,"Sint Pieter (Meuse, BE border)",maastricht.sintpieter,50.83,5.697,2020-08-31,66.29,145,-17.0,199.69
sintpieter_maas,"Sint Pieter (Meuse, BE border)",maastricht.sintpieter,50.83,5.697,2020-09-01,37.12,145,-20.0,119.81
sintpieter_maas,"Sint Pieter (Meuse, BE border)",maastricht.sintpieter,50.83,5.697,2020-09-02,41.89,145,-18.0,112.39
sintpieter_maas,"Sint Pieter (Meuse, BE border)",maastricht.sintpieter,50.83,5.697,2020-09-03,33.29,145,-15.0,109.66
sintpieter_maas,"Sint Pieter (Meuse, BE border)",maastricht.sintpieter,50.83,5.697,2020-09-04,31.09,145,-14.0,83.24
sintpieter_maas,"Sint Pieter (Meuse, BE border)",maastricht.sintpieter,50.83,5.697,2020-09-05,31.22,145,-9.0,95.65
sintpieter_maas,"Sint Pieter (Meuse, BE border)",maastricht.sintpieter,50.83,5.697,2020-09-06,28.55,145,-18.0,94.43
sintpieter_maas,"Sint Pieter (Meuse, BE border)",maastricht.sintpieter,50.83,5.697,2020-09-07,44.82,145,-3.0,107.63
sintpieter_maas,"Sint Pieter (Meuse, BE border)",maastricht.sintpieter,50.83,5.697,2020-09-08,38.41,145,-12.0,101.54
sintpieter_maas,"Sint Pieter (Meuse, BE border)",maastricht.sintpieter,50.83,5.697,2020-09-09,31.72,145,-34.0,93.42
sintpieter_maas,"Sint Pieter (Meuse, BE border)",maastricht.sintpieter,50.83,5.697,2020-09-10,27.58,145,-40.0,106.96
sintpieter_maas,"Sint Pieter (Meuse, BE border)",maastricht.sintpieter,50.83,5.697,2020-09-11,29.1,145,-31.0,103.57
sintpieter_maas,"Sint Pieter (Meuse, BE border)",maastricht.sintpieter,50.83,5.697,2020-09-12,26.88,145,-20.0,115.95
sintpieter_maas,"Sint Pieter (Meuse, BE border)",maastricht.sintpieter,50.83,5.697,2020-09-13,21.22,145,-32.0,94.43
sintpieter_maas,"Sint Pieter (Meuse, BE border)",maastricht.sintpieter,50.83,5.697,2020-09-14,26.28,145,-28.0,88.86
sintpieter_maas,"Sint Pieter (Meuse, BE border)",maastricht.sintpieter,50.83,5.697,2020-09-15,31.74,145,-28.0,88.33
sintpieter_maas,"Sint Pieter (Meuse, BE border)",maastricht.sintpieter,50.83,5.697,2020-09-16,26.73,145,-13.0,99.51
sintpieter_maas,"Sint Pieter (Meuse, BE border)",maastricht.sintpieter,50.83,5.697,2020-09-17,28.13,145,-39.0,106.62
sintpieter_maas,"Sint Pieter (Meuse, BE border)",maastricht.sintpieter,50.83,5.697,2020-09-18,28.99,145,-26.0,95.45
sintpieter_maas,"Sint Pieter (Meuse, BE border)",maastricht.sintpieter,50.83,5.697,2020-09-19,27.4,145,-34.0,87.31
sintpieter_maas,"Sint Pieter (Meuse, BE border)",maastricht.sintpieter,50.83,5.697,2020-09-20,23.19,145,-18.0,95.85
sintpieter_maas,"Sint Pieter (Meuse, BE border)",maastricht.sintpieter,50.83,5.697,2020-09-21,27.91,145,-21.0,92.03
sintpieter_maas,"Sint Pieter (Meuse, BE border)",maastricht.sintpieter,50.83,5.697,2020-09-22,28.45,145,-22.0,106.62
sintpieter_maas,"Sint Pieter (Meuse, BE border)",maastricht.sintpieter,50.83,5.697,2020-09-23,24.26,145,-25.0,81.2
sintpieter_maas,"Sint Pieter (Meuse, BE border)",maastricht.sintpieter,50.83,5.697,2020-09-24,22.7,145,-32.0,87.31
sintpieter_maas,"Sint Pieter (Meuse, BE border)",maastricht.sintpieter,50.83,5.697,2020-09-25,24.22,145,-27.0,83.24
sintpieter_maas,"Sint Pieter (Meuse, BE border)",maastricht.sintpieter,50.83,5.697,2020-09-26,86.9,145,-59.0,312.41
sintpieter_maas,"Sint Pieter (Meuse, BE border)",maastricht.sintpieter,50.83,5.697,2020-09-27,232.38,145,66.5,359.58
sintpieter_maas,"Sint Pieter (Meuse, BE border)",maastricht.sintpieter,50.83,5.697,2020-09-28,94.78,145,17.74,161.31
sintpieter_maas,"Sint Pieter (Meuse, BE border)",maastricht.sintpieter,50.83,5.697,2020-09-29,114.27,145,-19.0,297.34
sintpieter_maas,"Sint Pieter (Meuse, BE border)",maastricht.sintpieter,50.83,5.697,2020-09-30,78.1,145,-5.0,152.21
sintpieter_maas,"Sint Pieter (Meuse, BE border)",maastricht.sintpieter,50.83,5.697,2020-10-01,65.8,145,-7.0,262.15
sintpieter_maas,"Sint Pieter (Meuse, BE border)",maastricht.sintpieter,50.83,5.697,2020-10-02,77.11,145,-4.0,166.37
sintpieter_maas,"Sint Pieter (Meuse, BE border)",maastricht.sintpieter,50.83,5.697,2020-10-03,81.01,145,-1.0,190.61
sintpieter_maas,"Sint Pieter (Meuse, BE border)",maastricht.sintpieter,50.83,5.697,2020-10-04,75.19,145,25.99,150.19
sintpieter_maas,"Sint Pieter (Meuse, BE border)",maastricht.sintpieter,50.83,5.697,2020-10-05,86.75,145,0.0,251.08
sintpieter_maas,"Sint Pieter (Meuse, BE border)",maastricht.sintpieter,50.83,5.697,2020-10-06,102.79,145,33.19,210.79
sintpieter_maas,"Sint Pieter (Meuse, BE border)",maastricht.sintpieter,50.83,5.697,2020-10-07,133.8,145,15.67,248.05
sintpieter_maas,"Sint Pieter (Meuse, BE border)",maastricht.sintpieter,50.83,5.697,2020-10-08,115.27,145,8.41,300.35
sintpieter_maas,"Sint Pieter (Meuse, BE border)",maastricht.sintpieter,50.83,5.697,2020-10-09,148.74,145,-30.0,279.25
sintpieter_maas,"Sint Pieter (Meuse, BE border)",maastricht.sintpieter,50.83,5.697,2020-10-10,183.27,145,24.96,352.56
sintpieter_maas,"Sint Pieter (Meuse, BE border)",maastricht.sintpieter,50.83,5.697,2020-10-11,141.96,145,28.05,308.39
sintpieter_maas,"Sint Pieter (Meuse, BE border)",maastricht.sintpieter,50.83,5.697,2020-10-12,112.95,145,-24.0,313.41
sintpieter_maas,"Sint Pieter (Meuse, BE border)",maastricht.sintpieter,50.83,5.697,2020-10-13,95.62,145,7.36,165.35
sintpieter_maas,"Sint Pieter (Meuse, BE border)",maastricht.sintpieter,50.83,5.697,2020-10-14,82.57,145,5.28,141.08
sintpieter_maas,"Sint Pieter (Meuse, BE border)",maastricht.sintpieter,50.83,5.697,2020-10-15,78.59,145,-10.0,158.28
sintpieter_maas,"Sint Pieter (Meuse, BE border)",maastricht.sintpieter,50.83,5.697,2020-10-16,66.43,145,-25.0,142.1
sintpieter_maas,"Sint Pieter (Meuse, BE border)",maastricht.sintpieter,50.83,5.697,2020-10-17,63.68,145,9.45,149.18
sintpieter_maas,"Sint Pieter (Meuse, BE border)",maastricht.sintpieter,50.83,5.697,2020-10-18,66.73,145,0.0,136.02
sintpieter_maas,"Sint Pieter (Meuse, BE border)",maastricht.sintpieter,50.83,5.697,2020-10-19,57.75,145,-9.0,115.75
sintpieter_maas,"Sint Pieter (Meuse, BE border)",maastricht.sintpieter,50.83,5.697,2020-10-20,47.58,145,-15.0,141.08
sintpieter_maas,"Sint Pieter (Meuse, BE border)",maastricht.sintpieter,50.83,5.697,2020-10-21,53.26,145,-14.0,169.63
sintpieter_maas,"Sint Pieter (Meuse, BE border)",maastricht.sintpieter,50.83,5.697,2020-10-22,64.41,145,-4.0,173.44
sintpieter_maas,"Sint Pieter (Meuse, BE border)",maastricht.sintpieter,50.83,5.697,2020-10-23,94.64,145,-6.0,297.34
sintpieter_maas,"Sint Pieter (Meuse, BE border)",maastricht.sintpieter,50.83,5.697,2020-10-24,78.4,145,-2.0,201.7
sintpieter_maas,"Sint Pieter (Meuse, BE border)",maastricht.sintpieter,50.83,5.697,2020-10-25,86.71,145,-18.0,186.57
sintpieter_maas,"Sint Pieter (Meuse, BE border)",maastricht.sintpieter,50.83,5.697,2020-10-26,126.21,145,15.67,308.39
sintpieter_maas,"Sint Pieter (Meuse, BE border)",maastricht.sintpieter,50.83,5.697,2020-10-27,98.61,145,2.11,222.88
sintpieter_maas,"Sint Pieter (Meuse, BE border)",maastricht.sintpieter,50.83,5.697,2020-10-28,109.72,145,17.74,227.91
sintpieter_maas,"Sint Pieter (Meuse, BE border)",maastricht.sintpieter,50.83,5.697,2020-10-29,165.36,145,56.74,298.34
sintpieter_maas,"Sint Pieter (Meuse, BE border)",maastricht.sintpieter,50.83,5.697,2020-10-30,135.1,145,32.16,273.21
sintpieter_maas,"Sint Pieter (Meuse, BE border)",maastricht.sintpieter,50.83,5.697,2020-10-31,160.01,145,79.17,338.51
sintpieter_maas,"Sint Pieter (Meuse, BE border)",maastricht.sintpieter,50.83,5.697,2020-11-01,153.27,145,53.67,282.26
sintpieter_maas,"Sint Pieter (Meuse, BE border)",maastricht.sintpieter,50.83,5.697,2020-11-02,151.77,145,-1.0,272.21
sintpieter_maas,"Sint Pieter (Meuse, BE border)",maastricht.sintpieter,50.83,5.697,2020-11-03,181.78,145,12.56,376.62
sintpieter_maas,"Sint Pieter (Meuse, BE border)",maastricht.sintpieter,50.83,5.697,2020-11-04,161.56,145,67.96,260.14
sintpieter_maas,"Sint Pieter (Meuse, BE border)",maastricht.sintpieter,50.83,5.697,2020-11-05,142.14,145,45.49,249.06
sintpieter_maas,"Sint Pieter (Meuse, BE border)",maastricht.sintpieter,50.83,5.697,2020-11-06,121.6,145,42.41,225.9
sintpieter_maas,"Sint Pieter (Meuse, BE border)",maastricht.sintpieter,50.83,5.697,2020-11-07,101.95,145,31.13,220.87
sintpieter_maas,"Sint Pieter (Meuse, BE border)",maastricht.sintpieter,50.83,5.697,2020-11-08,104.13,145,52.65,188.59
sintpieter_maas,"Sint Pieter (Meuse, BE border)",maastricht.sintpieter,50.83,5.697,2020-11-09,101.57,145,44.46,222.88
sintpieter_maas,"Sint Pieter (Meuse, BE border)",maastricht.sintpieter,50.83,5.697,2020-11-10,87.55,145,36.27,182.53
sintpieter_maas,"Sint Pieter (Meuse, BE border)",maastricht.sintpieter,50.83,5.697,2020-11-11,84.64,145,24.96,154.23
sintpieter_maas,"Sint Pieter (Meuse, BE border)",maastricht.sintpieter,50.83,5.697,2020-11-12,82.43,145,4.22,160.3
sintpieter_maas,"Sint Pieter (Meuse, BE border)",maastricht.sintpieter,50.83,5.697,2020-11-13,73.42,145,12.56,120.82
sintpieter_maas,"Sint Pieter (Meuse, BE border)",maastricht.sintpieter,50.83,5.697,2020-11-14,70.62,145,8.41,163.33
sintpieter_maas,"Sint Pieter (Meuse, BE border)",maastricht.sintpieter,50.83,5.697,2020-11-15,83.31,145,-5.0,248.05
sintpieter_maas,"Sint Pieter (Meuse, BE border)",maastricht.sintpieter,50.83,5.697,2020-11-16,110.76,145,23.93,240.01
sintpieter_maas,"Sint Pieter (Meuse, BE border)",maastricht.sintpieter,50.83,5.697,2020-11-17,106.48,145,-22.0,194.64
sintpieter_maas,"Sint Pieter (Meuse, BE border)",maastricht.sintpieter,50.83,5.697,2020-11-18,82.83,145,-10.0,201.7
sintpieter_maas,"Sint Pieter (Meuse, BE border)",maastricht.sintpieter,50.83,5.697,2020-11-19,93.66,145,17.74,153.22
sintpieter_maas,"Sint Pieter (Meuse, BE border)",maastricht.sintpieter,50.83,5.697,2020-11-20,79.9,145,12.56,156.26
sintpieter_maas,"Sint Pieter (Meuse, BE border)",maastricht.sintpieter,50.83,5.697,2020-11-21,87.69,145,28.05,160.3
sintpieter_maas,"Sint Pieter (Meuse, BE border)",maastricht.sintpieter,50.83,5.697,2020-11-22,89.27,145,-2.0,184.55
sintpieter_maas,"Sint Pieter (Meuse, BE border)",maastricht.sintpieter,50.83,5.697,2020-11-23,90.06,145,4.22,165.35
sintpieter_maas,"Sint Pieter (Meuse, BE border)",maastricht.sintpieter,50.83,5.697,2020-11-24,77.33,145,5.28,141.08
sintpieter_maas,"Sint Pieter (Meuse, BE border)",maastricht.sintpieter,50.83,5.697,2020-11-25,81.01,145,-18.0,204.73
sintpieter_maas,"Sint Pieter (Meuse, BE border)",maastricht.sintpieter,50.83,5.697,2020-11-26,52.41,145,-9.0,169.4
sintpieter_maas,"Sint Pieter (Meuse, BE border)",maastricht.sintpieter,50.83,5.697,2020-11-27,74.18,145,27.02,143.11
sintpieter_maas,"Sint Pieter (Meuse, BE border)",maastricht.sintpieter,50.83,5.697,2020-11-28,74.22,145,7.36,136.02
sintpieter_maas,"Sint Pieter (Meuse, BE border)",maastricht.sintpieter,50.83,5.697,2020-11-29,65.39,145,28.05,139.05
sintpieter_maas,"Sint Pieter (Meuse, BE border)",maastricht.sintpieter,50.83,5.697,2020-11-30,72.93,145,14.63,129.94
sintpieter_maas,"Sint Pieter (Meuse, BE border)",maastricht.sintpieter,50.83,5.697,2020-12-01,123.41,145,17.74,210.79
sintpieter_maas,"Sint Pieter (Meuse, BE border)",maastricht.sintpieter,50.83,5.697,2020-12-02,184.88,145,100.53,248.05
sintpieter_maas,"Sint Pieter (Meuse, BE border)",maastricht.sintpieter,50.83,5.697,2020-12-03,141.38,145,56.74,245.04
sintpieter_maas,"Sint Pieter (Meuse, BE border)",maastricht.sintpieter,50.83,5.697,2020-12-04,244.25,145,98.5,350.55
sintpieter_maas,"Sint Pieter (Meuse, BE border)",maastricht.sintpieter,50.83,5.697,2020-12-05,263.69,145,185.56,366.6
sintpieter_maas,"Sint Pieter (Meuse, BE border)",maastricht.sintpieter,50.83,5.697,2020-12-06,226.31,145,160.3,339.51
sintpieter_maas,"Sint Pieter (Meuse, BE border)",maastricht.sintpieter,50.83,5.697,2020-12-07,190.36,145,38.32,308.39
sintpieter_maas,"Sint Pieter (Meuse, BE border)",maastricht.sintpieter,50.83,5.697,2020-12-08,157.99,145,81.2,279.25
sintpieter_maas,"Sint Pieter (Meuse, BE border)",maastricht.sintpieter,50.83,5.697,2020-12-09,140.75,145,80.18,209.78
sintpieter_maas,"Sint Pieter (Meuse, BE border)",maastricht.sintpieter,50.83,5.697,2020-12-10,133.35,145,61.84,206.75
sintpieter_maas,"Sint Pieter (Meuse, BE border)",maastricht.sintpieter,50.83,5.697,2020-12-11,120.33,145,5.28,202.0
sintpieter_maas,"Sint Pieter (Meuse, BE border)",maastricht.sintpieter,50.83,5.697,2020-12-12,161.86,145,99.51,271.2
sintpieter_maas,"Sint Pieter (Meuse, BE border)",maastricht.sintpieter,50.83,5.697,2020-12-13,173.64,145,104.59,258.12
sintpieter_maas,"Sint Pieter (Meuse, BE border)",maastricht.sintpieter,50.83,5.697,2020-12-14,185.62,145,111.69,244.03
sintpieter_maas,"Sint Pieter (Meuse, BE border)",maastricht.sintpieter,50.83,5.697,2020-12-15,202.93,145,97.48,296.33
sintpieter_maas,"Sint Pieter (Meuse, BE border)",maastricht.sintpieter,50.83,5.697,2020-12-16,281.71,145,160.3,409.7
sintpieter_maas,"Sint Pieter (Meuse, BE border)",maastricht.sintpieter,50.83,5.697,2020-12-17,281.45,145,201.7,367.6
sintpieter_maas,"Sint Pieter (Meuse, BE border)",maastricht.sintpieter,50.83,5.697,2020-12-18,252.63,145,164.34,316.43
sintpieter_maas,"Sint Pieter (Meuse, BE border)",maastricht.sintpieter,50.83,5.697,2020-12-19,231.66,145,150.19,317.43
sintpieter_maas,"Sint Pieter (Meuse, BE border)",maastricht.sintpieter,50.83,5.697,2020-12-20,219.84,145,170.41,281.26
sintpieter_maas,"Sint Pieter (Meuse, BE border)",maastricht.sintpieter,50.83,5.697,2020-12-21,203.74,145,116.77,287.29
sintpieter_maas,"Sint Pieter (Meuse, BE border)",maastricht.sintpieter,50.83,5.697,2020-12-22,252.07,145,142.1,356.8
sintpieter_maas,"Sint Pieter (Meuse, BE border)",maastricht.sintpieter,50.83,5.697,2020-12-23,705.93,145,261.14,1047.34
sintpieter_maas,"Sint Pieter (Meuse, BE border)",maastricht.sintpieter,50.83,5.697,2020-12-24,1231.05,145,1054.28,1322.31
sintpieter_maas,"Sint Pieter (Meuse, BE border)",maastricht.sintpieter,50.83,5.697,2020-12-25,1163.72,145,1002.67,1262.4
sintpieter_maas,"Sint Pieter (Meuse, BE border)",maastricht.sintpieter,50.83,5.697,2020-12-26,888.7,145,737.74,1076.12
sintpieter_maas,"Sint Pieter (Meuse, BE border)",maastricht.sintpieter,50.83,5.697,2020-12-27,729.65,145,623.58,793.16
sintpieter_maas,"Sint Pieter (Meuse, BE border)",maastricht.sintpieter,50.83,5.697,2020-12-28,967.08,145,694.48,1103.89
sintpieter_maas,"Sint Pieter (Meuse, BE border)",maastricht.sintpieter,50.83,5.697,2020-12-29,1022.39,145,842.69,1111.83
sintpieter_maas,"Sint Pieter (Meuse, BE border)",maastricht.sintpieter,50.83,5.697,2020-12-30,825.78,281,718.57,938.12
sintpieter_maas,"Sint Pieter (Meuse, BE border)",maastricht.sintpieter,50.83,5.697,2020-12-31,724.35,289,616.6,801.9
